,item1,item2,correlation,class
0,成就感,成就感,0.9999999999999999,成長價值
1,學習成長,成就感,-0.00011877602655590529,成長價值
2,創新,成就感,-0.014417920713498482,成長價值
3,薪資,成就感,0.09757996994663796,經濟報酬
4,福利,成就感,-0.06628369507084705,經濟報酬
5,管理制度,成就感,-0.026426950170826708,經濟報酬
6,工作氛圍,成就感,0.07180701471585282,人際價值
7,同事互動,成就感,-0.02081613255431486,人際價值
8,主管風格,成就感,-0.04124138166693051,人際價值
9,工作地點,成就感,0.005475624301164713,組織安全與安定
10,公司規模,成就感,-0.03720964669881917,組織安全與安定
11,工作環境,成就感,-0.025671886820779186,組織安全與安定
12,產業前景,成就感,-0.019513651255121514,組織安全與安定
13,輪調,成就感,0.042690330608682124,變化性
14,外派,成就感,0.002732797489960852,變化性
15,出差,成就感,-0.021914546919311575,變化性
16,引擎,成就感,-0.00766475171732367,產品與服務
17,馬力,成就感,0.024529377320108132,產品與服務
18,外觀,成就感,-0.016442903258596864,產品與服務
19,安全,成就感,-0.0192265981960881,產品與服務
20,配備,成就感,-0.0274681048548633,產品與服務
21,價錢,成就感,-0.012536028897780115,產品與服務
22,科技,成就感,-0.02552943254377238,產品與服務
23,品質,成就感,-0.03198049804500076,產品與服務
24,折舊,成就感,-0.00766475171732367,產品與服務
25,品牌,成就感,-0.019489063973528745,產品與服務
26,空間,成就感,0.03023554221415535,產品與服務
27,保養,成就感,0.010626488793831544,產品與服務
28,尺寸,成就感,0.01776398996135935,產品與服務
29,車種,成就感,-0.016229549898832584,產品與服務
30,變速箱,成就感,-0.00766475171732367,產品與服務
31,電資,成就感,-0.030061772331502354,科系專業
32,機械,成就感,0.05567705496734197,科系專業
33,製造,成就感,-0.01991298147321827,科系專業
34,品管,成就感,-0.03198049804500072,科系專業
35,多元性,成就感,0.03429132244931299,公司文化與價值
36,企業社會責任,成就感,-0.01084974051799621,公司文化與價值
37,企業永續目標,成就感,-0.00970067040482155,公司文化與價值
38,面試,成就感,0.004408731941873243,招募資訊
39,徵才,成就感,-0.0360560655238999,招募資訊
40,實習,成就感,0.005357117570142707,招募資訊
41,工作,成就感,0.11472033965550515,招募資訊
42,離職,成就感,0.02921402791090059,招募資訊
43,轉職,成就感,-0.020393706576604716,招募資訊
44,新鮮人,成就感,-0.013337997512580335,招募資訊
45,畢業,成就感,-0.001948980414318265,招募資訊
46,出路,成就感,0.040672728165718056,招募資訊
47,能力,成就感,-0.01986462116029623,招募資訊
48,招募人員,成就感,-0.05077121198881273,招募人員
49,正向,成就感,0.149264437613179,情緒
50,負向,成就感,0.023768483294325047,情緒
51,成就感,學習成長,-0.00011877602655590528,成長價值
52,學習成長,學習成長,1.0,成長價值
53,創新,學習成長,0.0015679734887156134,成長價值
54,薪資,學習成長,-0.027806427051128877,經濟報酬
55,福利,學習成長,-0.007877029765774904,經濟報酬
56,管理制度,學習成長,0.03579104703459029,經濟報酬
57,工作氛圍,學習成長,-0.026147460441017973,人際價值
58,同事互動,學習成長,0.10557177511378861,人際價值
59,主管風格,學習成長,0.15693504656522658,人際價值
60,工作地點,學習成長,-0.018499464388729316,組織安全與安定
61,公司規模,學習成長,0.043825283119897245,組織安全與安定
62,工作環境,學習成長,0.025968747645223833,組織安全與安定
63,產業前景,學習成長,0.15697671340380082,組織安全與安定
64,輪調,學習成長,-0.042017040347634926,變化性
65,外派,學習成長,0.05473793759224644,變化性
66,出差,學習成長,-0.01017124200759462,變化性
67,引擎,學習成長,0.03102175688732744,產品與服務
68,馬力,學習成長,0.23542605264814215,產品與服務
69,外觀,學習成長,-0.006307007851942326,產品與服務
70,安全,學習成長,-0.0433443178729238,產品與服務
71,配備,學習成長,0.008078271537612657,產品與服務
72,價錢,學習成長,-0.015917618429339548,產品與服務
73,科技,學習成長,-0.0388798907164721,產品與服務
74,品質,學習成長,0.020608167456759877,產品與服務
75,折舊,學習成長,0.0853605205853912,產品與服務
76,品牌,學習成長,0.009795383639325911,產品與服務
77,空間,學習成長,-0.00236567769455357,產品與服務
78,保養,學習成長,0.10289465138136401,產品與服務
79,尺寸,學習成長,0.05460983507712885,產品與服務
80,車種,學習成長,-0.016498238719871418,產品與服務
81,變速箱,學習成長,0.24837681167958245,產品與服務
82,電資,學習成長,0.08156502810339786,科系專業
83,機械,學習成長,0.01711947969598486,科系專業
84,製造,學習成長,0.02195375462700939,科系專業
85,品管,學習成長,0.011539220201568287,科系專業
86,多元性,學習成長,0.11453993801206584,公司文化與價值
87,企業社會責任,學習成長,0.005453179839999681,公司文化與價值
88,企業永續目標,學習成長,0.022068716113798608,公司文化與價值
89,面試,學習成長,0.09775988371026718,招募資訊
90,徵才,學習成長,0.008839924527093515,招募資訊
91,實習,學習成長,0.3576104726947376,招募資訊
92,工作,學習成長,0.1661789243266801,招募資訊
93,離職,學習成長,-0.01622884462671097,招募資訊
94,轉職,學習成長,-7.706816068324235e-05,招募資訊
95,新鮮人,學習成長,0.17958052157497023,招募資訊
96,畢業,學習成長,0.022596762663898422,招募資訊
97,出路,學習成長,0.015463799969492598,招募資訊
98,能力,學習成長,0.11887158506028471,招募資訊
99,招募人員,學習成長,0.22369710412854157,招募人員
100,正向,學習成長,0.20453900819300921,情緒
101,負向,學習成長,0.234187077428199,情緒
102,成就感,創新,-0.014417920713498483,成長價值
103,學習成長,創新,0.0015679734887156134,成長價值
104,創新,創新,0.9999999999999999,成長價值
105,薪資,創新,-0.000529232529324842,經濟報酬
106,福利,創新,-0.023529373525873764,經濟報酬
107,管理制度,創新,-0.005707532817585062,經濟報酬
108,工作氛圍,創新,-0.03766128478671091,人際價值
109,同事互動,創新,0.030787214188176832,人際價值
110,主管風格,創新,0.017657233138509417,人際價值
111,工作地點,創新,0.13516893166834398,組織安全與安定
112,公司規模,創新,-0.01706900535180132,組織安全與安定
113,工作環境,創新,0.06108315003613634,組織安全與安定
114,產業前景,創新,0.07179955852111868,組織安全與安定
115,輪調,創新,-0.008940126197874473,變化性
116,外派,創新,-0.011424346831368353,變化性
117,出差,創新,0.04437428890370221,變化性
118,引擎,創新,-0.003516015326406722,產品與服務
119,馬力,創新,0.08787535365275097,產品與服務
120,外觀,創新,0.04860899632210756,產品與服務
121,安全,創新,-0.008819726512382591,產品與服務
122,配備,創新,0.16396879077595047,產品與服務
123,價錢,創新,-0.0057505932823957205,產品與服務
124,科技,創新,0.03810720894984405,產品與服務
125,品質,創新,0.055225388943585876,產品與服務
126,折舊,創新,-0.0035160153264067215,產品與服務
127,品牌,創新,0.09089128301172315,產品與服務
128,空間,創新,-0.012307012169795167,產品與服務
129,保養,創新,-0.01166211096863893,產品與服務
130,尺寸,創新,0.03450023643814445,產品與服務
131,車種,創新,0.11923664850014346,產品與服務
132,變速箱,創新,-0.003516015326406722,產品與服務
133,電資,創新,0.039706822820546175,科系專業
134,機械,創新,-0.010627805496706796,科系專業
135,製造,創新,-0.012482375285989866,科系專業
136,品管,創新,0.055225388943585925,科系專業
137,多元性,創新,-0.015097633524654312,公司文化與價值
138,企業社會責任,創新,-0.004977050184494558,公司文化與價值
139,企業永續目標,創新,-0.004449942682772539,公司文化與價值
140,面試,創新,0.08205189207150926,招募資訊
141,徵才,創新,-0.016539828512047713,招募資訊
142,實習,創新,0.05087753723761086,招募資訊
143,工作,創新,0.008537589239752138,招募資訊
144,離職,創新,0.019898770726130083,招募資訊
145,轉職,創新,-0.009355108623221153,招募資訊
146,新鮮人,創新,-0.018635665230603064,招募資訊
147,畢業,創新,-0.016352400226680393,招募資訊
148,出路,創新,0.06935711695002476,招募資訊
149,能力,創新,0.023297546221852542,招募資訊
150,招募人員,創新,0.07144111179871547,招募人員
151,正向,創新,0.07582444220479666,情緒
152,負向,創新,0.0880176365550983,情緒
153,成就感,薪資,0.09757996994663796,成長價值
154,學習成長,薪資,-0.027806427051128877,成長價值
155,創新,薪資,-0.000529232529324842,成長價值
156,薪資,薪資,1.0,經濟報酬
157,福利,薪資,0.5472270109979122,經濟報酬
158,管理制度,薪資,0.2210223014934254,經濟報酬
159,工作氛圍,薪資,0.084756520355942,人際價值
160,同事互動,薪資,-0.062141995032882244,人際價值
161,主管風格,薪資,-0.008415113753640421,人際價值
162,工作地點,薪資,0.10864981003830397,組織安全與安定
163,公司規模,薪資,0.009400184640290802,組織安全與安定
164,工作環境,薪資,0.16581829823141708,組織安全與安定
165,產業前景,薪資,-0.007114513727904948,組織安全與安定
166,輪調,薪資,0.05567315088015651,變化性
167,外派,薪資,0.0655039487721508,變化性
168,出差,薪資,0.09372859043009975,變化性
169,引擎,薪資,0.061813548200025485,產品與服務
170,馬力,薪資,0.17492485435733907,產品與服務
171,外觀,薪資,0.14331063964943186,產品與服務
172,安全,薪資,0.08830085651503064,產品與服務
173,配備,薪資,0.05322148193097051,產品與服務
174,價錢,薪資,0.052132823080657684,產品與服務
175,科技,薪資,0.07292828182126693,產品與服務
176,品質,薪資,0.11800541358954975,產品與服務
177,折舊,薪資,-0.018022745378802604,產品與服務
178,品牌,薪資,0.14448508204612065,產品與服務
179,空間,薪資,0.0882835736862167,產品與服務
180,保養,薪資,0.02113392719297661,產品與服務
181,尺寸,薪資,0.04595609947431238,產品與服務
182,車種,薪資,0.05843672882711956,產品與服務
183,變速箱,薪資,0.021895401410611446,產品與服務
184,電資,薪資,0.054147603548806905,科系專業
185,機械,薪資,0.12249087885584363,科系專業
186,製造,薪資,-0.04586569375451064,科系專業
187,品管,薪資,0.1379920056531684,科系專業
188,多元性,薪資,0.12829939995614653,公司文化與價值
189,企業社會責任,薪資,0.0027409441695033657,公司文化與價值
190,企業永續目標,薪資,-0.010179653469999314,公司文化與價值
191,面試,薪資,0.012156320824346999,招募資訊
192,徵才,薪資,0.021172871910267444,招募資訊
193,實習,薪資,-0.08101163024879042,招募資訊
194,工作,薪資,0.16132402596872641,招募資訊
195,離職,薪資,0.17666199855194212,招募資訊
196,轉職,薪資,-0.0479533577231771,招募資訊
197,新鮮人,薪資,0.010262970246466368,招募資訊
198,畢業,薪資,0.14308799743722184,招募資訊
199,出路,薪資,0.03603632076900054,招募資訊
200,能力,薪資,-0.0407937918850211,招募資訊
201,招募人員,薪資,-0.004117897442085239,招募人員
202,正向,薪資,0.14598136892348035,情緒
203,負向,薪資,0.1757112755596598,情緒
204,成就感,福利,-0.06628369507084705,成長價值
205,學習成長,福利,-0.007877029765774906,成長價值
206,創新,福利,-0.023529373525873764,成長價值
207,薪資,福利,0.5472270109979122,經濟報酬
208,福利,福利,1.0,經濟報酬
209,管理制度,福利,0.16309999925729385,經濟報酬
210,工作氛圍,福利,0.06230242630684909,人際價值
211,同事互動,福利,-0.0798261391483928,人際價值
212,主管風格,福利,-0.0922475948230861,人際價值
213,工作地點,福利,0.07792165092038436,組織安全與安定
214,公司規模,福利,0.021356184344284438,組織安全與安定
215,工作環境,福利,0.29956731848880214,組織安全與安定
216,產業前景,福利,-0.03415254864278998,組織安全與安定
217,輪調,福利,-0.029771892155074125,變化性
218,外派,福利,0.10125019560201434,變化性
219,出差,福利,0.11056659998262147,變化性
220,引擎,福利,0.038671369306231565,產品與服務
221,馬力,福利,0.12193632704505322,產品與服務
222,外觀,福利,0.09840005352631047,產品與服務
223,安全,福利,0.08095721995266449,產品與服務
224,配備,福利,0.09003577535929853,產品與服務
225,價錢,福利,0.016163550705049545,產品與服務
226,科技,福利,0.032916825635706234,產品與服務
227,品質,福利,0.07486772944424279,產品與服務
228,折舊,福利,-0.0189060027719354,產品與服務
229,品牌,福利,0.10747926204606971,產品與服務
230,空間,福利,0.03459208562760216,產品與服務
231,保養,福利,0.05399895064890051,產品與服務
232,尺寸,福利,0.0009462730891502044,產品與服務
233,車種,福利,-0.005198970775328974,產品與服務
234,變速箱,福利,0.09624874138439855,產品與服務
235,電資,福利,0.00375673851250581,科系專業
236,機械,福利,0.047276058624156035,科系專業
237,製造,福利,0.0180808048444545,科系專業
238,品管,福利,0.10369610802334776,科系專業
239,多元性,福利,0.0869381595815788,公司文化與價值
240,企業社會責任,福利,-0.026762148582634166,公司文化與價值
241,企業永續目標,福利,-0.023927833324159764,公司文化與價值
242,面試,福利,-0.030460205095404307,招募資訊
243,徵才,福利,-0.026897753534280297,招募資訊
244,實習,福利,-0.03357265014317091,招募資訊
245,工作,福利,0.1381316669207118,招募資訊
246,離職,福利,0.09379684997114726,招募資訊
247,轉職,福利,-0.006532915894360576,招募資訊
248,新鮮人,福利,-0.0038356375253333994,招募資訊
249,畢業,福利,0.021168011276380773,招募資訊
250,出路,福利,-0.006554179035306696,招募資訊
251,能力,福利,-0.05051527482679241,招募資訊
252,招募人員,福利,-0.06509798539521675,招募人員
253,正向,福利,0.1774957694579685,情緒
254,負向,福利,0.12314792548229925,情緒
255,成就感,管理制度,-0.026426950170826708,成長價值
256,學習成長,管理制度,0.03579104703459029,成長價值
257,創新,管理制度,-0.005707532817585062,成長價值
258,薪資,管理制度,0.22102230149342536,經濟報酬
259,福利,管理制度,0.16309999925729382,經濟報酬
260,管理制度,管理制度,1.0,經濟報酬
261,工作氛圍,管理制度,0.12298389046581791,人際價值
262,同事互動,管理制度,0.03441708204457095,人際價值
263,主管風格,管理制度,0.04472716629068534,人際價值
264,工作地點,管理制度,0.027548161622531184,組織安全與安定
265,公司規模,管理制度,0.08046839556354653,組織安全與安定
266,工作環境,管理制度,0.04412478269702726,組織安全與安定
267,產業前景,管理制度,-0.0486515102605081,組織安全與安定
268,輪調,管理制度,0.19620202868040712,變化性
269,外派,管理制度,-0.03430960250109755,變化性
270,出差,管理制度,0.006837398712735646,變化性
271,引擎,管理制度,-5.010601717598897e-05,產品與服務
272,馬力,管理制度,0.1962531944717932,產品與服務
273,外觀,管理制度,0.014296243417047477,產品與服務
274,安全,管理制度,-0.01509654015146773,產品與服務
275,配備,管理制度,-0.05113363291751895,產品與服務
276,價錢,管理制度,-8.195053178972219e-05,產品與服務
277,科技,管理制度,-0.025725057716742657,產品與服務
278,品質,管理制度,0.21494177054993746,產品與服務
279,折舊,管理制度,0.13423402001448329,產品與服務
280,品牌,管理制度,0.04255290751899712,產品與服務
281,空間,管理制度,0.07032927267749957,產品與服務
282,保養,管理制度,0.0740672884148923,產品與服務
283,尺寸,管理制度,-0.006080102916108329,產品與服務
284,車種,管理制度,0.008017812559056679,產品與服務
285,變速箱,管理制度,-5.010601717598897e-05,產品與服務
286,電資,管理制度,0.021022880349460607,科系專業
287,機械,管理制度,-0.00556343554439158,科系專業
288,製造,管理制度,0.06577930487674566,科系專業
289,品管,管理制度,0.18804791636604465,科系專業
290,多元性,管理制度,0.12894567309285299,公司文化與價值
291,企業社會責任,管理制度,0.018937489481899838,公司文化與價值
292,企業永續目標,管理制度,0.025429505392384914,公司文化與價值
293,面試,管理制度,0.01693050013766521,招募資訊
294,徵才,管理制度,0.017409303643644024,招募資訊
295,實習,管理制度,0.008911780960319755,招募資訊
296,工作,管理制度,0.19562547845281847,招募資訊
297,離職,管理制度,0.022969439115923043,招募資訊
298,轉職,管理制度,-0.00013331774461777872,招募資訊
299,新鮮人,管理制度,-0.07143915412616936,招募資訊
300,畢業,管理制度,0.06915952630630783,招募資訊
301,出路,管理制度,-0.00027599549561590814,招募資訊
302,能力,管理制度,-0.00888568920074523,招募資訊
303,招募人員,管理制度,0.05981784412656565,招募人員
304,正向,管理制度,0.06181518087186485,情緒
305,負向,管理制度,0.19738753937473225,情緒
306,成就感,工作氛圍,0.07180701471585284,成長價值
307,學習成長,工作氛圍,-0.02614746044101797,成長價值
308,創新,工作氛圍,-0.03766128478671091,成長價值
309,薪資,工作氛圍,0.084756520355942,經濟報酬
310,福利,工作氛圍,0.06230242630684909,經濟報酬
311,管理制度,工作氛圍,0.12298389046581791,經濟報酬
312,工作氛圍,工作氛圍,1.0,人際價值
313,同事互動,工作氛圍,0.19650651810747988,人際價值
314,主管風格,工作氛圍,0.0025562406052991754,人際價值
315,工作地點,工作氛圍,0.02983024753145917,組織安全與安定
316,公司規模,工作氛圍,-0.006092722596638086,組織安全與安定
317,工作環境,工作氛圍,0.13772529980699913,組織安全與安定
318,產業前景,工作氛圍,0.06333352893962103,組織安全與安定
319,輪調,工作氛圍,0.026172885532778543,變化性
320,外派,工作氛圍,-0.03935813575350786,變化性
321,出差,工作氛圍,0.06882725622540845,變化性
322,引擎,工作氛圍,-0.020021222406591602,產品與服務
323,馬力,工作氛圍,0.27620820806455665,產品與服務
324,外觀,工作氛圍,-0.04295077457060637,產品與服務
325,安全,工作氛圍,0.017371238061255123,產品與服務
326,配備,工作氛圍,0.03049787302446497,產品與服務
327,價錢,工作氛圍,-0.03274556462026573,產品與服務
328,科技,工作氛圍,0.03428481309274265,產品與服務
329,品質,工作氛圍,0.04800768969889453,產品與服務
330,折舊,工作氛圍,-0.020021222406591602,產品與服務
331,品牌,工作氛圍,-0.031637553940721264,產品與服務
332,空間,工作氛圍,-0.03470992601699647,產品與服務
333,保養,工作氛圍,0.05648596069471114,產品與服務
334,尺寸,工作氛圍,0.04067925185989828,產品與服務
335,車種,工作氛圍,-0.04239347079553717,產品與服務
336,變速箱,工作氛圍,0.04060801606760666,產品與服務
337,電資,工作氛圍,0.08153348289530865,科系專業
338,機械,工作氛圍,0.2693556801060139,科系專業
339,製造,工作氛圍,0.0148680227777678,科系專業
340,品管,工作氛圍,0.03788888447726357,科系專業
341,多元性,工作氛圍,0.04940623899828621,公司文化與價值
342,企業社會責任,工作氛圍,-0.028340783364664515,公司文化與價值
343,企業永續目標,工作氛圍,-0.025339278665609446,公司文化與價值
344,面試,工作氛圍,0.1342369803760966,招募資訊
345,徵才,工作氛圍,0.049218251866144876,招募資訊
346,實習,工作氛圍,-0.0019271145166446547,招募資訊
347,工作,工作氛圍,0.24082364505638518,招募資訊
348,離職,工作氛圍,-0.0008230709651745394,招募資訊
349,轉職,工作氛圍,-0.007180155169139686,招募資訊
350,新鮮人,工作氛圍,-0.013095013791283453,招募資訊
351,畢業,工作氛圍,0.1157560930862701,招募資訊
352,出路,工作氛圍,0.011742272832303275,招募資訊
353,能力,工作氛圍,0.14617334094309503,招募資訊
354,招募人員,工作氛圍,0.056331505552078366,招募人員
355,正向,工作氛圍,0.20722691613197472,情緒
356,負向,工作氛圍,0.27345962545537417,情緒
357,成就感,同事互動,-0.02081613255431486,成長價值
358,學習成長,同事互動,0.10557177511378862,成長價值
359,創新,同事互動,0.03078721418817683,成長價值
360,薪資,同事互動,-0.06214199503288224,經濟報酬
361,福利,同事互動,-0.0798261391483928,經濟報酬
362,管理制度,同事互動,0.03441708204457096,經濟報酬
363,工作氛圍,同事互動,0.1965065181074799,人際價值
364,同事互動,同事互動,1.0,人際價值
365,主管風格,同事互動,0.034807249950345,人際價值
366,工作地點,同事互動,-0.020909314647753308,組織安全與安定
367,公司規模,同事互動,-0.013077121133745,組織安全與安定
368,工作環境,同事互動,0.016414224293122313,組織安全與安定
369,產業前景,同事互動,0.19185830806086404,組織安全與安定
370,輪調,同事互動,0.02041233575075415,變化性
371,外派,同事互動,-0.041065087658515444,變化性
372,出差,同事互動,0.003445334762320233,變化性
373,引擎,同事互動,-0.01698919300403856,產品與服務
374,馬力,同事互動,0.32208697020766036,產品與服務
375,外觀,同事互動,0.0038048310170634746,產品與服務
376,安全,同事互動,0.013164783716663683,產品與服務
377,配備,同事互動,0.0024007275515702605,產品與服務
378,價錢,同事互動,0.05404636841660368,產品與服務
379,科技,同事互動,-0.020875853972172877,產品與服務
380,品質,同事互動,-0.0374838428095544,產品與服務
381,折舊,同事互動,0.08307902073403473,產品與服務
382,品牌,同事互動,0.004509702084468941,產品與服務
383,空間,同事互動,0.013505282190759825,產品與服務
384,保養,同事互動,0.017407474978539728,產品與服務
385,尺寸,同事互動,0.07610395470905588,產品與服務
386,車種,同事互動,0.0245658026640806,產品與服務
387,變速箱,同事互動,-0.01698919300403856,產品與服務
388,電資,同事互動,0.17860507650164448,科系專業
389,機械,同事互動,0.14021430693001938,科系專業
390,製造,同事互動,0.05385337238923274,科系專業
391,品管,同事互動,0.004268733553540215,科系專業
392,多元性,同事互動,0.021580650585353207,公司文化與價值
393,企業社會責任,同事互動,0.1884265723530226,公司文化與價值
394,企業永續目標,同事互動,0.1684707639666679,公司文化與價值
395,面試,同事互動,0.18978015214953592,招募資訊
396,徵才,同事互動,-0.008257387883918312,招募資訊
397,實習,同事互動,0.24339717200477715,招募資訊
398,工作,同事互動,0.1705553313788178,招募資訊
399,離職,同事互動,-0.02581100510926937,招募資訊
400,轉職,同事互動,0.12595915839048577,招募資訊
401,新鮮人,同事互動,-0.020259163010370344,招募資訊
402,畢業,同事互動,0.06750108920566529,招募資訊
403,出路,同事互動,0.0813192250811227,招募資訊
404,能力,同事互動,0.48306310141952064,招募資訊
405,招募人員,同事互動,0.0814006804801825,招募人員
406,正向,同事互動,0.20649615493259965,情緒
407,負向,同事互動,0.32132645543434696,情緒
408,成就感,主管風格,-0.04124138166693051,成長價值
409,學習成長,主管風格,0.15693504656522658,成長價值
410,創新,主管風格,0.017657233138509417,成長價值
411,薪資,主管風格,-0.008415113753640421,經濟報酬
412,福利,主管風格,-0.0922475948230861,經濟報酬
413,管理制度,主管風格,0.04472716629068534,經濟報酬
414,工作氛圍,主管風格,0.0025562406052991754,人際價值
415,同事互動,主管風格,0.034807249950345,人際價值
416,主管風格,主管風格,0.9999999999999998,人際價值
417,工作地點,主管風格,0.07971101522084405,組織安全與安定
418,公司規模,主管風格,0.053707071651629135,組織安全與安定
419,工作環境,主管風格,-0.041403957880482345,組織安全與安定
420,產業前景,主管風格,0.030090156143359362,組織安全與安定
421,輪調,主管風格,-0.0268511890309165,變化性
422,外派,主管風格,-0.041771632393585514,變化性
423,出差,主管風格,0.06587544977558846,變化性
424,引擎,主管風格,-3.059266838976453e-18,產品與服務
425,馬力,主管風格,0.34788402585578043,產品與服務
426,外觀,主管風格,-0.03398148091257827,產品與服務
427,安全,主管風格,-0.029432861155469454,產品與服務
428,配備,主管風格,-0.04007050548980453,產品與服務
429,價錢,主管風格,0.034543196337035544,產品與服務
430,科技,主管風格,-0.055272403173502425,產品與服務
431,品質,主管風格,0.06344833878347148,產品與服務
432,折舊,主管風格,-0.04224065301780317,產品與服務
433,品牌,主管風格,0.016781993144322643,產品與服務
434,空間,主管風格,-0.006160575046012254,產品與服務
435,保養,主管風格,-0.05059386820770814,產品與服務
436,尺寸,主管風格,0.03721003371990173,產品與服務
437,車種,主管風格,0.038332065567978926,產品與服務
438,變速箱,主管風格,-0.04224065301780317,產品與服務
439,電資,主管風格,0.0020983690986883345,科系專業
440,機械,主管風格,2.604719967040863e-17,科系專業
441,製造,主管風格,0.06145494704976109,科系專業
442,品管,主管風格,0.07049815420385716,科系專業
443,多元性,主管風格,0.0834346742987743,公司文化與價值
444,企業社會責任,主管風格,-4.9787850529940975e-18,公司文化與價值
445,企業永續目標,主管風格,0.013365163925793056,公司文化與價值
446,面試,主管風格,0.2371693918563379,招募資訊
447,徵才,主管風格,0.21230453896828871,招募資訊
448,實習,主管風格,0.10429697969727253,招募資訊
449,工作,主管風格,0.10165007600365913,招募資訊
450,離職,主管風格,0.009174993695822779,招募資訊
451,轉職,主管風格,0.03211150453099413,招募資訊
452,新鮮人,主管風格,-0.011783414726829552,招募資訊
453,畢業,主管風格,0.1418836065225552,招募資訊
454,出路,主管風格,-0.011186118091599338,招募資訊
455,能力,主管風格,0.1114914627745245,招募資訊
456,招募人員,主管風格,0.7930462018873758,招募人員
457,正向,主管風格,0.202123146482709,情緒
458,負向,主管風格,0.3470783845175472,情緒
459,成就感,工作地點,0.005475624301164714,成長價值
460,學習成長,工作地點,-0.018499464388729313,成長價值
461,創新,工作地點,0.135168931668344,成長價值
462,薪資,工作地點,0.10864981003830397,經濟報酬
463,福利,工作地點,0.07792165092038436,經濟報酬
464,管理制度,工作地點,0.02754816162253118,經濟報酬
465,工作氛圍,工作地點,0.02983024753145917,人際價值
466,同事互動,工作地點,-0.020909314647753304,人際價值
467,主管風格,工作地點,0.07971101522084406,人際價值
468,工作地點,工作地點,1.0,組織安全與安定
469,公司規模,工作地點,-0.01537033912705928,組織安全與安定
470,工作環境,工作地點,0.08037848639741726,組織安全與安定
471,產業前景,工作地點,-0.035031288380015145,組織安全與安定
472,輪調,工作地點,-0.030941824589076596,變化性
473,外派,工作地點,0.013877521800487194,變化性
474,出差,工作地點,0.11262915225351854,變化性
475,引擎,工作地點,-0.01216894785087575,產品與服務
476,馬力,工作地點,0.17662752082164163,產品與服務
477,外觀,工作地點,0.04994112033105417,產品與服務
478,安全,工作地點,-0.03052512063360528,產品與服務
479,配備,工作地點,-0.0037549745409847027,產品與服務
480,價錢,工作地點,0.018749046624124303,產品與服務
481,科技,工作地點,-0.01804211427998587,產品與服務
482,品質,工作地點,-0.0034437920870659744,產品與服務
483,折舊,工作地點,-0.012168947850875746,產品與服務
484,品牌,工作地點,-0.030941824589076572,產品與服務
485,空間,工作地點,0.06769871931098542,產品與服務
486,保養,工作地點,0.01189430113444204,產品與服務
487,尺寸,工作地點,0.02225502107662834,產品與服務
488,車種,工作地點,-0.025766855032720744,產品與服務
489,變速箱,工作地點,-0.01216894785087575,產品與服務
490,電資,工作地點,0.015331803569076742,科系專業
491,機械,工作地點,-0.017733973857932853,科系專業
492,製造,工作地點,-0.06259671289291027,科系專業
493,品管,工作地點,-0.0034437920870659744,科系專業
494,多元性,工作地點,0.012692175634778664,公司文化與價值
495,企業社會責任,工作地點,-0.01722559730938435,公司文化與價值
496,企業永續目標,工作地點,-0.015401275426573926,公司文化與價值
497,面試,工作地點,0.1056154304026464,招募資訊
498,徵才,工作地點,0.009830414259802678,招募資訊
499,實習,工作地點,-0.034841380076036016,招募資訊
500,工作,工作地點,0.10065924211716686,招募資訊
501,離職,工作地點,0.12704544297564735,招募資訊
502,轉職,工作地點,0.0035528743107452777,招募資訊
503,新鮮人,工作地點,-0.03812818932575052,招募資訊
504,畢業,工作地點,0.0573855940106683,招募資訊
505,出路,工作地點,-0.01696283959874538,招募資訊
506,能力,工作地點,0.04722029072675687,招募資訊
507,招募人員,工作地點,0.09995639598492025,招募人員
508,正向,工作地點,0.05950050807355183,情緒
509,負向,工作地點,0.17759483026379322,情緒
510,成就感,公司規模,-0.03720964669881917,成長價值
511,學習成長,公司規模,0.043825283119897245,成長價值
512,創新,公司規模,-0.01706900535180132,成長價值
513,薪資,公司規模,0.009400184640290802,經濟報酬
514,福利,公司規模,0.02135618434428444,經濟報酬
515,管理制度,公司規模,0.08046839556354653,經濟報酬
516,工作氛圍,公司規模,-0.006092722596638085,人際價值
517,同事互動,公司規模,-0.013077121133745,人際價值
518,主管風格,公司規模,0.05370707165162913,人際價值
519,工作地點,公司規模,-0.015370339127059278,組織安全與安定
520,公司規模,公司規模,1.0,組織安全與安定
521,工作環境,公司規模,-0.009754281061753068,組織安全與安定
522,產業前景,公司規模,0.011631856598962027,組織安全與安定
523,輪調,公司規模,-0.023072601374088317,變化性
524,外派,公司規模,0.0032352886320050427,變化性
525,出差,公司規模,-0.025944068224610387,變化性
526,引擎,公司規模,-0.009074102339926149,產品與服務
527,馬力,公司規模,0.12132342389086358,產品與服務
528,外觀,公司規模,-0.01946633008304559,產品與服務
529,安全,公司規模,-0.022761874893562885,產品與服務
530,配備,公司規模,-0.032518782568456424,產品與服務
531,價錢,公司規模,0.03250903687858704,產品與服務
532,科技,公司規模,0.24528435710759258,產品與服務
533,品質,公司規模,-0.01853380649772264,產品與服務
534,折舊,公司規模,-0.009074102339926152,產品與服務
535,品牌,公司規模,0.0873462766304772,產品與服務
536,空間,公司規模,-0.031761831948999904,產品與服務
537,保養,公司規模,-0.03009747643425494,產品與服務
538,尺寸,公司規模,-0.004472513755628904,產品與服務
539,車種,公司規模,0.19096111347280564,產品與服務
540,變速箱,公司規模,-0.009074102339926152,產品與服務
541,電資,公司規模,-0.012578627401653941,科系專業
542,機械,公司規模,0.04257893715588034,科系專業
543,製造,公司規模,-0.010614554612428011,科系專業
544,品管,公司規模,-0.018533806497722703,科系專業
545,多元性,公司規模,0.25938787390397866,公司文化與價值
546,企業社會責任,公司規模,-0.012844728629555359,公司文化與價值
547,企業永續目標,公司規模,-0.01148437408876429,公司文化與價值
548,面試,公司規模,0.14616260616154553,招募資訊
549,徵才,公司規模,0.08056826102781328,招募資訊
550,實習,公司規模,0.07941324728917727,招募資訊
551,工作,公司規模,-0.0028557952621129355,招募資訊
552,離職,公司規模,0.00943247344116903,招募資訊
553,轉職,公司規模,-0.024143584474925758,招募資訊
554,新鮮人,公司規模,-0.01579051206124347,招募資訊
555,畢業,公司規模,0.2171139815529228,招募資訊
556,出路,公司規模,0.011351279746510172,招募資訊
557,能力,公司規模,-0.0021614720070028902,招募資訊
558,招募人員,公司規模,0.10870181483770117,招募人員
559,正向,公司規模,0.06284985024708796,情緒
560,負向,公司規模,0.12178351314264373,情緒
561,成就感,工作環境,-0.025671886820779186,成長價值
562,學習成長,工作環境,0.02596874764522383,成長價值
563,創新,工作環境,0.06108315003613634,成長價值
564,薪資,工作環境,0.16581829823141708,經濟報酬
565,福利,工作環境,0.2995673184888021,經濟報酬
566,管理制度,工作環境,0.04412478269702725,經濟報酬
567,工作氛圍,工作環境,0.13772529980699913,人際價值
568,同事互動,工作環境,0.016414224293122313,人際價值
569,主管風格,工作環境,-0.041403957880482345,人際價值
570,工作地點,工作環境,0.08037848639741726,組織安全與安定
571,公司規模,工作環境,-0.009754281061753068,組織安全與安定
572,工作環境,工作環境,1.0,組織安全與安定
573,產業前景,工作環境,-0.014187742946550121,組織安全與安定
574,輪調,工作環境,-0.05194984081620176,變化性
575,外派,工作環境,0.009286413096539877,變化性
576,出差,工作環境,0.2200382161668266,變化性
577,引擎,工作環境,-0.02043108033056433,產品與服務
578,馬力,工作環境,0.19525044757176394,產品與服務
579,外觀,工作環境,0.06788890104687162,產品與服務
580,安全,工作環境,0.2971026947395091,產品與服務
581,配備,工作環境,0.21534907937133518,產品與服務
582,價錢,工作環境,0.03959058281992188,產品與服務
583,科技,工作環境,-0.053891306235407055,產品與服務
584,品質,工作環境,-0.045514417991777495,產品與服務
585,折舊,工作環境,-0.020431080330564337,產品與服務
586,品牌,工作環境,0.014257972615316021,產品與服務
587,空間,工作環境,0.11944969501313302,產品與服務
588,保養,工作環境,0.019969961654179996,產品與服務
589,尺寸,工作環境,0.024257979751866242,產品與服務
590,車種,工作環境,-0.04326131490502184,產品與服務
591,變速箱,工作環境,-0.020431080330564327,產品與服務
592,電資,工作環境,0.06910452904861557,科系專業
593,機械,工作環境,0.13013660876869892,科系專業
594,製造,工作環境,0.005915116928016752,科系專業
595,品管,工作環境,0.024017380178071406,科系專業
596,多元性,工作環境,-0.005950400717911393,公司文化與價值
597,企業社會責任,工作環境,0.013203043517596132,公司文化與價值
598,企業永續目標,工作環境,0.030636112775622473,公司文化與價值
599,面試,工作環境,0.05818865266670587,招募資訊
600,徵才,工作環境,-0.021815743210566008,招募資訊
601,實習,工作環境,-0.01060111025471799,招募資訊
602,工作,工作環境,0.2475810054596222,招募資訊
603,離職,工作環境,0.05170986933301919,招募資訊
604,轉職,工作環境,-0.03173886440379666,招募資訊
605,新鮮人,工作環境,0.007929649901815548,招募資訊
606,畢業,工作環境,0.048505361079481474,招募資訊
607,出路,工作環境,0.026158754311356155,招募資訊
608,能力,工作環境,-0.014927824716035213,招募資訊
609,招募人員,工作環境,-0.005030790136021494,招募人員
610,正向,工作環境,0.180198691740031,情緒
611,負向,工作環境,0.1966460775242616,情緒
612,成就感,產業前景,-0.019513651255121514,成長價值
613,學習成長,產業前景,0.15697671340380082,成長價值
614,創新,產業前景,0.07179955852111869,成長價值
615,薪資,產業前景,-0.007114513727904949,經濟報酬
616,福利,產業前景,-0.034152548642789986,經濟報酬
617,管理制度,產業前景,-0.048651510260508096,經濟報酬
618,工作氛圍,產業前景,0.06333352893962103,人際價值
619,同事互動,產業前景,0.19185830806086407,人際價值
620,主管風格,產業前景,0.030090156143359362,人際價值
621,工作地點,產業前景,-0.035031288380015145,組織安全與安定
622,公司規模,產業前景,0.011631856598962029,組織安全與安定
623,工作環境,產業前景,-0.014187742946550121,組織安全與安定
624,產業前景,產業前景,1.0,組織安全與安定
625,輪調,產業前景,-0.03029202077719939,變化性
626,外派,產業前景,0.05680672636054806,變化性
627,出差,產業前景,-0.014535535821730582,變化性
628,引擎,產業前景,-0.011913389919013312,產品與服務
629,馬力,產業前景,0.20326082696919368,產品與服務
630,外觀,產業前景,0.03487826154106556,產品與服務
631,安全,產業前景,-0.029884067948149576,產品與服務
632,配備,產業前景,-0.026857278183165394,產品與服務
633,價錢,產業前景,-0.019484858192826256,產品與服務
634,科技,產業前景,0.1033029868061457,產品與服務
635,品質,產業前景,0.02552044858661474,產品與服務
636,折舊,產業前景,-0.011913389919013313,產品與服務
637,品牌,產業前景,0.04133969894300182,產品與服務
638,空間,產業前景,0.024038888391194693,產品與服務
639,保養,產業前景,0.07123027110933532,產品與服務
640,尺寸,產業前景,0.059911668509265555,產品與服務
641,車種,產業前景,0.04294733501445703,產品與服務
642,變速箱,產業前景,-0.011913389919013313,產品與服務
643,電資,產業前景,0.22161764096923572,科系專業
644,機械,產業前景,0.024543572966650513,科系專業
645,製造,產業前景,0.11137513289804807,科系專業
646,品管,產業前景,0.02552044858661473,科系專業
647,多元性,產業前景,0.026263904597825044,公司文化與價值
648,企業社會責任,產業前景,0.08947758062481849,公司文化與價值
649,企業永續目標,產業前景,0.03246169387365059,公司文化與價值
650,面試,產業前景,0.09639675405230555,招募資訊
651,徵才,產業前景,0.002198963261450262,招募資訊
652,實習,產業前景,0.17330545127199834,招募資訊
653,工作,產業前景,0.06948660319379357,招募資訊
654,離職,產業前景,-0.04589325933320846,招募資訊
655,轉職,產業前景,0.11107658646678313,招募資訊
656,新鮮人,產業前景,0.06259624795672178,招募資訊
657,畢業,產業前景,-0.01658594236527623,招募資訊
658,出路,產業前景,0.212899356866567,招募資訊
659,能力,產業前景,0.3308138764376388,招募資訊
660,招募人員,產業前景,0.09563162493760058,招募人員
661,正向,產業前景,0.07718092548383358,情緒
662,負向,產業前景,0.20338068495007253,情緒
663,成就感,輪調,0.04269033060868212,成長價值
664,學習成長,輪調,-0.04201704034763492,成長價值
665,創新,輪調,-0.008940126197874473,成長價值
666,薪資,輪調,0.05567315088015651,經濟報酬
667,福利,輪調,-0.02977189215507413,經濟報酬
668,管理制度,輪調,0.19620202868040712,經濟報酬
669,工作氛圍,輪調,0.02617288553277854,人際價值
670,同事互動,輪調,0.02041233575075415,人際價值
671,主管風格,輪調,-0.0268511890309165,人際價值
672,工作地點,輪調,-0.030941824589076596,組織安全與安定
673,公司規模,輪調,-0.023072601374088317,組織安全與安定
674,工作環境,輪調,-0.05194984081620176,組織安全與安定
675,產業前景,輪調,-0.030292020777199388,組織安全與安定
676,輪調,輪調,1.0,變化性
677,外派,輪調,0.029542317960532173,變化性
678,出差,輪調,-0.013588562381568602,變化性
679,引擎,輪調,-0.004752685840760228,產品與服務
680,馬力,輪調,0.07249072849043801,產品與服務
681,外觀,輪調,-0.01019575798150062,產品與服務
682,安全,輪調,-0.011921844879333105,產品與服務
683,配備,輪調,-0.017032159400697456,產品與服務
684,價錢,輪調,-0.007773220743364725,產品與服務
685,科技,輪調,-0.015830046040394903,產品與服務
686,品質,輪調,-0.019830160955560235,產品與服務
687,折舊,輪調,-0.004752685840760228,產品與服務
688,品牌,輪調,-0.012084592145015094,產品與服務
689,空間,輪調,-0.016635696108078777,產品與服務
690,保養,輪調,-0.015763967027603805,產品與服務
691,尺寸,輪調,-0.015700005897185003,產品與服務
692,車種,輪調,-0.010063463873429525,產品與服務
693,變速箱,輪調,-0.004752685840760228,產品與服務
694,電資,輪調,0.03258137831759652,科系專業
695,機械,輪調,-0.014365870456592308,科系專業
696,製造,輪調,0.092017002938159,科系專業
697,品管,輪調,-0.01983016095556023,科系專業
698,多元性,輪調,0.08897822067105447,公司文化與價值
699,企業社會責任,輪調,-0.006727603194146037,公司文化與價值
700,企業永續目標,輪調,-0.006015098802831864,公司文化與價值
701,面試,輪調,0.04469327367419006,招募資訊
702,徵才,輪調,0.03203713631534424,招募資訊
703,實習,輪調,0.024121784609823813,招募資訊
704,工作,輪調,0.09138741163065522,招募資訊
705,離職,輪調,0.0345827134205421,招募資訊
706,轉職,輪調,-0.012645534266710895,招募資訊
707,新鮮人,輪調,-0.025190294709309852,招募資訊
708,畢業,輪調,-0.02210394830650951,招募資訊
709,出路,輪調,-0.02617888944396448,招募資訊
710,能力,輪調,-0.020706486577477666,招募資訊
711,招募人員,輪調,-0.03503868424183841,招募人員
712,正向,輪調,-0.03839623158233403,情緒
713,負向,輪調,0.07217925554467848,情緒
714,成就感,外派,0.002732797489960852,成長價值
715,學習成長,外派,0.05473793759224644,成長價值
716,創新,外派,-0.011424346831368355,成長價值
717,薪資,外派,0.0655039487721508,經濟報酬
718,福利,外派,0.10125019560201434,經濟報酬
719,管理制度,外派,-0.034309602501097554,經濟報酬
720,工作氛圍,外派,-0.03935813575350786,人際價值
721,同事互動,外派,-0.04106508765851544,人際價值
722,主管風格,外派,-0.04177163239358551,人際價值
723,工作地點,外派,0.013877521800487194,組織安全與安定
724,公司規模,外派,0.0032352886320050427,組織安全與安定
725,工作環境,外派,0.009286413096539877,組織安全與安定
726,產業前景,外派,0.05680672636054805,組織安全與安定
727,輪調,外派,0.02954231796053217,變化性
728,外派,外派,1.0,變化性
729,出差,外派,-0.01736445841487496,變化性
730,引擎,外派,-0.006073329416567755,產品與服務
731,馬力,外派,0.07758484749262617,產品與服務
732,外觀,外派,0.024924823322429852,產品與服務
733,安全,外派,-0.015234604943681446,產品與服務
734,配備,外派,-0.021764938433082078,產品與服務
735,價錢,外派,-0.009933189733954795,產品與服務
736,科技,外派,-0.02022879009974165,產品與服務
737,品質,外派,-0.025340429370230053,產品與服務
738,折舊,外派,-0.006073329416567754,產品與服務
739,品牌,外派,-0.015442575297550958,產品與服務
740,空間,外派,-0.021258308653978934,產品與服務
741,保養,外派,0.00593625758402132,產品與服務
742,尺寸,外派,0.011107129049065271,產品與服務
743,車種,外派,-0.012859829835773185,產品與服務
744,變速箱,外派,-0.006073329416567754,產品與服務
745,電資,外派,-0.025159317928816528,科系專業
746,機械,外派,-0.018357759498925173,科系專業
747,製造,外派,0.029477780398166717,科系專業
748,品管,外派,-0.025340429370230018,科系專業
749,多元性,外派,0.07116067458912705,公司文化與價值
750,企業社會責任,外派,-0.008597023188780091,公司文化與價值
751,企業永續目標,外派,-0.007686532989303762,公司文化與價值
752,面試,外派,0.03700158757327433,招募資訊
753,徵才,外派,0.03466264555611307,招募資訊
754,實習,外派,-0.03809787667818974,招募資訊
755,工作,外派,0.0328544924994715,招募資訊
756,離職,外派,0.0019214051916609965,招募資訊
757,轉職,外派,-0.01615938814881701,招募資訊
758,新鮮人,外派,0.12573988612267578,招募資訊
759,畢業,外派,-0.028246041074480924,招募資訊
760,出路,外派,-0.01846085048741746,招募資訊
761,能力,外派,0.009428789124708235,招募資訊
762,招募人員,外派,0.04119122311463444,招募人員
763,正向,外派,0.01732589371818205,情緒
764,負向,外派,0.07797898615810289,情緒
765,成就感,出差,-0.021914546919311575,成長價值
766,學習成長,出差,-0.010171242007594622,成長價值
767,創新,出差,0.04437428890370221,成長價值
768,薪資,出差,0.09372859043009975,經濟報酬
769,福利,出差,0.11056659998262149,經濟報酬
770,管理制度,出差,0.006837398712735645,經濟報酬
771,工作氛圍,出差,0.06882725622540843,人際價值
772,同事互動,出差,0.003445334762320233,人際價值
773,主管風格,出差,0.06587544977558847,人際價值
774,工作地點,出差,0.11262915225351854,組織安全與安定
775,公司規模,出差,-0.02594406822461039,組織安全與安定
776,工作環境,出差,0.22003821616682662,組織安全與安定
777,產業前景,出差,-0.014535535821730583,組織安全與安定
778,輪調,出差,-0.013588562381568602,變化性
779,外派,出差,-0.01736445841487496,變化性
780,出差,出差,1.0,變化性
781,引擎,出差,-0.005344174404248146,產品與服務
782,馬力,出差,0.12449731114637062,產品與服務
783,外觀,出差,0.05836552209323512,產品與服務
784,安全,出差,0.13175364147132734,產品與服務
785,配備,出差,0.03574333308484198,產品與服務
786,價錢,出差,-0.008740625559339655,產品與服務
787,科技,出差,0.04415362196202813,產品與服務
788,品質,出差,-0.022298094627242276,產品與服務
789,折舊,出差,-0.005344174404248146,產品與服務
790,品牌,出差,0.11056148483185232,產品與服務
791,空間,出差,0.13320987341367252,產品與服務
792,保養,出差,-0.017725848482519527,產品與服務
793,尺寸,出差,0.03969458774267558,產品與服務
794,車種,出差,0.14622490986965764,產品與服務
795,變速箱,出差,-0.005344174404248147,產品與服務
796,電資,出差,0.0948487794081252,科系專業
797,機械,出差,-0.01615375384807352,科系專業
798,製造,出差,-0.03678227706431975,科系專業
799,品管,出差,-0.022298094627242283,科系專業
800,多元性,出差,-0.022947677742245202,公司文化與價值
801,企業社會責任,出差,-0.007564877207693243,公司文化與價值
802,企業永續目標,出差,-0.006763699124698693,公司文化與價值
803,面試,出差,-0.009170835596798039,招募資訊
804,徵才,出差,-0.01145269229453842,招募資訊
805,實習,出差,-0.02824343358581286,招募資訊
806,工作,出差,0.09226664429895513,招募資訊
807,離職,出差,0.017675752012442075,招募資訊
808,轉職,出差,0.08476189509209409,招募資訊
809,新鮮人,出差,-0.028325315985839872,招募資訊
810,畢業,出差,-0.024854862856573172,招募資訊
811,出路,出差,0.025731595132828685,招募資訊
812,能力,出差,0.054753700746581604,招募資訊
813,招募人員,出差,0.053319398640019396,招募人員
814,正向,出差,0.03843773375962382,情緒
815,負向,出差,0.12487044574569962,情緒
816,成就感,引擎,-0.00766475171732367,成長價值
817,學習成長,引擎,0.031021756887327445,成長價值
818,創新,引擎,-0.0035160153264067223,成長價值
819,薪資,引擎,0.06181354820002547,經濟報酬
820,福利,引擎,0.038671369306231565,經濟報酬
821,管理制度,引擎,-5.0106017175988975e-05,經濟報酬
822,工作氛圍,引擎,-0.020021222406591602,人際價值
823,同事互動,引擎,-0.016989193004038557,人際價值
824,主管風格,引擎,-3.059266838976453e-18,人際價值
825,工作地點,引擎,-0.012168947850875748,組織安全與安定
826,公司規模,引擎,-0.00907410233992615,組織安全與安定
827,工作環境,引擎,-0.02043108033056433,組織安全與安定
828,產業前景,引擎,-0.01191338991901331,組織安全與安定
829,輪調,引擎,-0.004752685840760228,變化性
830,外派,引擎,-0.006073329416567755,變化性
831,出差,引擎,-0.005344174404248146,變化性
832,引擎,引擎,1.0,產品與服務
833,馬力,引擎,-0.02197508023192478,產品與服務
834,外觀,引擎,-0.004009836162694566,產品與服務
835,安全,引擎,-0.004688679822522505,產品與服務
836,配備,引擎,-0.0066984886084597685,產品與服務
837,價錢,引擎,-0.003057089202578718,產品與服務
838,科技,引擎,0.23213025875638743,產品與服務
839,品質,引擎,-0.007798899959761103,產品與服務
840,折舊,引擎,-0.0018691588785046684,產品與服務
841,品牌,引擎,0.31367726549017483,產品與服務
842,空間,引擎,-0.006542565640220628,產品與服務
843,保養,引擎,-0.006199727883841619,產品與服務
844,尺寸,引擎,-0.006174572946442618,產品與服務
845,車種,引擎,-0.003957806907035728,產品與服務
846,變速箱,引擎,-0.0018691588785046684,產品與服務
847,電資,引擎,-0.01207093270646613,科系專業
848,機械,引擎,-0.005649877818789769,科系專業
849,製造,引擎,-0.012864834592924238,科系專業
850,品管,引擎,-0.007798899959761101,科系專業
851,多元性,引擎,0.16405339758815168,公司文化與價值
852,企業社會責任,引擎,-0.0026458637626641406,公司文化與價值
853,企業永續目標,引擎,-0.0023656466488846555,公司文化與價值
854,面試,引擎,-0.02412302053486365,招募資訊
855,徵才,引擎,0.017536448574284824,招募資訊
856,實習,引擎,-0.024870616774820054,招募資訊
857,工作,引擎,-0.015969117679560618,招募資訊
858,離職,引擎,-0.013600853916834767,招募資訊
859,轉職,引擎,-0.0049732958247197985,招募資訊
860,新鮮人,引擎,-0.009906958840882291,招募資訊
861,畢業,引擎,-0.008693145857187915,招募資訊
862,出路,引擎,-0.010295758077237264,招募資訊
863,能力,引擎,-0.008143545465807452,招募資訊
864,招募人員,引擎,-0.017976871558584896,招募人員
865,正向,引擎,0.04030924674597564,情緒
866,負向,引擎,-0.021940679330285227,情緒
867,成就感,馬力,0.024529377320108132,成長價值
868,學習成長,馬力,0.23542605264814212,成長價值
869,創新,馬力,0.08787535365275098,成長價值
870,薪資,馬力,0.17492485435733907,經濟報酬
871,福利,馬力,0.12193632704505324,經濟報酬
872,管理制度,馬力,0.19625319447179318,經濟報酬
873,工作氛圍,馬力,0.27620820806455665,人際價值
874,同事互動,馬力,0.3220869702076603,人際價值
875,主管風格,馬力,0.34788402585578043,人際價值
876,工作地點,馬力,0.1766275208216416,組織安全與安定
877,公司規模,馬力,0.12132342389086359,組織安全與安定
878,工作環境,馬力,0.1952504475717639,組織安全與安定
879,產業前景,馬力,0.20326082696919368,組織安全與安定
880,輪調,馬力,0.07249072849043801,變化性
881,外派,馬力,0.07758484749262617,變化性
882,出差,馬力,0.12449731114637064,變化性
883,引擎,馬力,-0.02197508023192478,產品與服務
884,馬力,馬力,1.0,產品與服務
885,外觀,馬力,0.05607778313364358,產品與服務
886,安全,馬力,0.045704311085931405,產品與服務
887,配備,馬力,0.04387640251243539,產品與服務
888,價錢,馬力,-0.020250072090899907,產品與服務
889,科技,馬力,0.016658068032286828,產品與服務
890,品質,馬力,0.09467211865172606,產品與服務
891,折舊,馬力,0.15843562672964037,產品與服務
892,品牌,馬力,0.13767799249725524,產品與服務
893,空間,馬力,0.10067831905521094,產品與服務
894,保養,馬力,0.09531642590305452,產品與服務
895,尺寸,馬力,0.10823354288869377,產品與服務
896,車種,馬力,0.12228267775836425,產品與服務
897,變速箱,馬力,-0.02478302897840828,產品與服務
898,電資,馬力,0.24126275389173135,科系專業
899,機械,馬力,0.20645078704645703,科系專業
900,製造,馬力,0.12179434540260187,科系專業
901,品管,馬力,0.0861976049349551,科系專業
902,多元性,馬力,0.1362945347278141,公司文化與價值
903,企業社會責任,馬力,0.07405886859693506,公司文化與價值
904,企業永續目標,馬力,0.04778013947637689,公司文化與價值
905,面試,馬力,0.5813091930766513,招募資訊
906,徵才,馬力,0.2425041330344963,招募資訊
907,實習,馬力,0.2465473105137114,招募資訊
908,工作,馬力,0.3602571153139614,招募資訊
909,離職,馬力,0.08734073104176066,招募資訊
910,轉職,馬力,0.0289608147681492,招募資訊
911,新鮮人,馬力,0.016427561199327735,招募資訊
912,畢業,馬力,0.34564291366370115,招募資訊
913,出路,馬力,0.08478399427147504,招募資訊
914,能力,馬力,0.38133950111558923,招募資訊
915,招募人員,馬力,0.557885960985514,招募人員
916,正向,馬力,0.509686127570397,情緒
917,負向,馬力,0.999931939073698,情緒
918,成就感,外觀,-0.016442903258596868,成長價值
919,學習成長,外觀,-0.006307007851942326,成長價值
920,創新,外觀,0.04860899632210756,成長價值
921,薪資,外觀,0.14331063964943186,經濟報酬
922,福利,外觀,0.09840005352631047,經濟報酬
923,管理制度,外觀,0.014296243417047478,經濟報酬
924,工作氛圍,外觀,-0.04295077457060637,人際價值
925,同事互動,外觀,0.003804831017063475,人際價值
926,主管風格,外觀,-0.03398148091257827,人際價值
927,工作地點,外觀,0.049941120331054176,組織安全與安定
928,公司規模,外觀,-0.01946633008304559,組織安全與安定
929,工作環境,外觀,0.06788890104687162,組織安全與安定
930,產業前景,外觀,0.03487826154106556,組織安全與安定
931,輪調,外觀,-0.01019575798150062,變化性
932,外派,外觀,0.024924823322429852,變化性
933,出差,外觀,0.05836552209323511,變化性
934,引擎,外觀,-0.004009836162694566,產品與服務
935,馬力,外觀,0.05607778313364358,產品與服務
936,外觀,外觀,1.0,產品與服務
937,安全,外觀,-0.010058448280591204,產品與服務
938,配備,外觀,-0.01437001539381579,產品與服務
939,價錢,外觀,-0.0065582583578395115,產品與服務
940,科技,外觀,0.05056121857684311,產品與服務
941,品質,外觀,-0.016730686432019744,產品與服務
942,折舊,外觀,-0.004009836162694566,產品與服務
943,品牌,外觀,0.11788845166110021,產品與服務
944,空間,外觀,-0.014035519721013363,產品與服務
945,保養,外觀,-0.013300042791109341,產品與服務
946,尺寸,外觀,0.10508555888511625,產品與服務
947,車種,外觀,0.15404254786923796,產品與服務
948,變速箱,外觀,-0.004009836162694566,產品與服務
949,電資,外觀,0.0007967789978108641,科系專業
950,機械,外觀,-0.012120470150035093,科系專業
951,製造,外觀,-0.027598445253118522,科系專業
952,品管,外觀,-0.016730686432019783,科系專業
953,多元性,外觀,-0.0172180810543105,公司文化與價值
954,企業社會責任,外觀,-0.005676071905445185,公司文化與價值
955,企業永續目標,外觀,-0.005074932682257387,公司文化與價值
956,面試,外觀,-0.03632643579726818,招募資訊
957,徵才,外觀,0.0058485313638994415,招募資訊
958,實習,外觀,-0.001760131883372247,招募資訊
959,工作,外觀,0.015236014108132643,招募資訊
960,離職,外觀,0.029177399795398972,招募資訊
961,轉職,外觀,-0.010669024273470568,招募資訊
962,新鮮人,外觀,-0.02125302577503575,招募資訊
963,畢業,外觀,-0.018649078484765918,招募資訊
964,出路,外觀,0.06328804266278126,招募資訊
965,能力,外觀,0.013495375942041291,招募資訊
966,招募人員,外觀,-0.04756810943543988,招募人員
967,正向,外觀,0.08647390928175049,情緒
968,負向,外觀,0.05674744083588122,情緒
969,成就感,安全,-0.019226598196088098,成長價值
970,學習成長,安全,-0.0433443178729238,成長價值
971,創新,安全,-0.008819726512382591,成長價值
972,薪資,安全,0.08830085651503065,經濟報酬
973,福利,安全,0.08095721995266449,經濟報酬
974,管理制度,安全,-0.01509654015146773,經濟報酬
975,工作氛圍,安全,0.017371238061255123,人際價值
976,同事互動,安全,0.013164783716663683,人際價值
977,主管風格,安全,-0.029432861155469454,人際價值
978,工作地點,安全,-0.03052512063360528,組織安全與安定
979,公司規模,安全,-0.022761874893562888,組織安全與安定
980,工作環境,安全,0.2971026947395091,組織安全與安定
981,產業前景,安全,-0.029884067948149576,組織安全與安定
982,輪調,安全,-0.011921844879333104,變化性
983,外派,安全,-0.015234604943681446,變化性
984,出差,安全,0.13175364147132732,變化性
985,引擎,安全,-0.004688679822522504,產品與服務
986,馬力,安全,0.04570431108593141,產品與服務
987,外觀,安全,-0.010058448280591204,產品與服務
988,安全,安全,1.0,產品與服務
989,配備,安全,0.04206186500901828,產品與服務
990,價錢,安全,-0.007668536165983498,產品與服務
991,科技,安全,-0.015616857487750515,產品與服務
992,品質,安全,-0.0195631015103737,產品與服務
993,折舊,安全,-0.004688679822522506,產品與服務
994,品牌,安全,-0.011921844879333076,產品與服務
995,空間,安全,-0.016411657595084755,產品與服務
996,保養,安全,0.03590323441563443,產品與服務
997,尺寸,安全,-0.0154885686388732,產品與服務
998,車種,安全,-0.009927935821755354,產品與服務
999,變速箱,安全,-0.004688679822522504,產品與服務
1000,電資,安全,-0.030279255161611538,科系專業
1001,機械,安全,0.04209727837026485,科系專業
1002,製造,安全,0.07710572431230638,科系專業
1003,品管,安全,0.12024786395043094,科系專業
1004,多元性,安全,-0.020133009416437624,公司文化與價值
1005,企業社會責任,安全,-0.006637000299873587,公司文化與價值
1006,企業永續目標,安全,-0.005934091444766283,公司文化與價值
1007,面試,安全,-0.0027994523384233866,招募資訊
1008,徵才,安全,0.021974060512392982,招募資訊
1009,實習,安全,-0.047065036220094586,招募資訊
1010,工作,安全,-0.007905953866871592,招募資訊
1011,離職,安全,-0.003790775154553625,招募資訊
1012,轉職,安全,-0.012475232604867563,招募資訊
1013,新鮮人,安全,-0.02485104854059596,招募資訊
1014,畢業,安全,-0.021806267002540253,招募資訊
1015,出路,安全,0.1812257824815007,招募資訊
1016,能力,安全,-0.059049167488257656,招募資訊
1017,招募人員,安全,-0.059130188694551306,招募人員
1018,正向,安全,0.08280992229616174,情緒
1019,負向,安全,0.04659232036501933,情緒
1020,成就感,配備,-0.027468104854863302,成長價值
1021,學習成長,配備,0.008078271537612659,成長價值
1022,創新,配備,0.16396879077595047,成長價值
1023,薪資,配備,0.05322148193097052,經濟報酬
1024,福利,配備,0.09003577535929852,經濟報酬
1025,管理制度,配備,-0.05113363291751894,經濟報酬
1026,工作氛圍,配備,0.030497873024464973,人際價值
1027,同事互動,配備,0.0024007275515702605,人際價值
1028,主管風格,配備,-0.04007050548980453,人際價值
1029,工作地點,配備,-0.0037549745409847027,組織安全與安定
1030,公司規模,配備,-0.03251878256845642,組織安全與安定
1031,工作環境,配備,0.21534907937133518,組織安全與安定
1032,產業前景,配備,-0.02685727818316539,組織安全與安定
1033,輪調,配備,-0.017032159400697452,變化性
1034,外派,配備,-0.021764938433082078,變化性
1035,出差,配備,0.03574333308484199,變化性
1036,引擎,配備,-0.0066984886084597685,產品與服務
1037,馬力,配備,0.04387640251243539,產品與服務
1038,外觀,配備,-0.014370015393815789,產品與服務
1039,安全,配備,0.042061865009018276,產品與服務
1040,配備,配備,1.0,產品與服務
1041,價錢,配備,-0.0109556643012076,產品與服務
1042,科技,配備,-0.022311044034001883,產品與服務
1043,品質,配備,-0.027948850758352777,產品與服務
1044,折舊,配備,-0.0066984886084597685,產品與服務
1045,品牌,配備,-0.01703215940069742,產品與服務
1046,空間,配備,0.0997627130847799,產品與服務
1047,保養,配備,0.05561738638883978,產品與服務
1048,尺寸,配備,-0.022127764000959657,產品與服務
1049,車種,配備,-0.014183558597475136,產品與服務
1050,變速箱,配備,-0.0066984886084597685,產品與服務
1051,電資,配備,-0.043258497796845125,科系專業
1052,機械,配備,-0.020247418581468803,科系專業
1053,製造,配備,0.03662270439488084,科系專業
1054,品管,配備,0.0072995821980638515,科系專業
1055,多元性,配備,-0.028763050439530105,公司文化與價值
1056,企業社會責任,配備,-0.009481959226452136,公司文化與價值
1057,企業永續目標,配備,-0.008477747564119297,公司文化與價值
1058,面試,配備,0.02267556522749528,招募資訊
1059,徵才,配備,-0.028735456518131128,招募資訊
1060,實習,配備,0.015166458176741256,招募資訊
1061,工作,配備,0.09840524610537399,招募資訊
1062,離職,配備,-0.002867133134680847,招募資訊
1063,轉職,配備,-0.01782275750418647,招募資訊
1064,新鮮人,配備,-0.03550348325296937,招募資訊
1065,畢業,配備,-0.031153552095388008,招募資訊
1066,出路,配備,-0.014524992384275806,招募資訊
1067,能力,配備,-0.01457835231982582,招募資訊
1068,招募人員,配備,-0.018419935712918514,招募人員
1069,正向,配備,0.06485406181465081,情緒
1070,負向,配備,0.044605381725282736,情緒
1071,成就感,價錢,-0.012536028897780115,成長價值
1072,學習成長,價錢,-0.015917618429339548,成長價值
1073,創新,價錢,-0.005750593282395721,成長價值
1074,薪資,價錢,0.052132823080657684,經濟報酬
1075,福利,價錢,0.016163550705049545,經濟報酬
1076,管理制度,價錢,-8.195053178972219e-05,經濟報酬
1077,工作氛圍,價錢,-0.032745564620265726,人際價值
1078,同事互動,價錢,0.054046368416603686,人際價值
1079,主管風格,價錢,0.03454319633703554,人際價值
1080,工作地點,價錢,0.018749046624124306,組織安全與安定
1081,公司規模,價錢,0.03250903687858704,組織安全與安定
1082,工作環境,價錢,0.039590582819921886,組織安全與安定
1083,產業前景,價錢,-0.019484858192826256,組織安全與安定
1084,輪調,價錢,-0.007773220743364724,變化性
1085,外派,價錢,-0.009933189733954795,變化性
1086,出差,價錢,-0.008740625559339655,變化性
1087,引擎,價錢,-0.003057089202578718,產品與服務
1088,馬力,價錢,-0.020250072090899907,產品與服務
1089,外觀,價錢,-0.0065582583578395115,產品與服務
1090,安全,價錢,-0.007668536165983498,產品與服務
1091,配備,價錢,-0.010955664301207601,產品與服務
1092,價錢,價錢,0.9999999999999999,產品與服務
1093,科技,價錢,-0.01018242409615573,產品與服務
1094,品質,價錢,-0.012755434079552843,產品與服務
1095,折舊,價錢,-0.003057089202578719,產品與服務
1096,品牌,價錢,-0.00777322074336468,產品與服務
1097,空間,價錢,-0.010700645625096301,產品與服務
1098,保養,價錢,-0.010139919827350845,產品與服務
1099,尺寸,價錢,-0.010098777852530806,產品與服務
1100,車種,價錢,-0.006473162287343874,產品與服務
1101,變速箱,價錢,-0.003057089202578718,產品與服務
1102,電資,價錢,-0.019742526152465675,科系專業
1103,機械,價錢,-0.009240616554505454,科系專業
1104,製造,價錢,-0.021040986605939564,科系專業
1105,品管,價錢,-0.01275543407955284,科系專業
1106,多元性,價錢,-0.013127022537720336,公司文化與價值
1107,企業社會責任,價錢,-0.004327423224079151,公司文化與價值
1108,企業永續目標,價錢,-0.0038691161626706757,公司文化與價值
1109,面試,價錢,-0.06297232195632506,招募資訊
1110,徵才,價錢,-0.01976379907971911,招募資訊
1111,實習,價錢,-0.040676956292019846,招募資訊
1112,工作,價錢,0.0021823811342521707,招募資訊
1113,離職,價錢,-0.022244777655428226,招募資訊
1114,轉職,價錢,-0.008134037797334653,招募資訊
1115,新鮮人,價錢,-0.016203254443026397,招募資訊
1116,畢業,價錢,-0.014218011450001343,招募資訊
1117,出路,價錢,-0.016839152204902296,招募資訊
1118,能力,價錢,-0.03220548282436179,招募資訊
1119,招募人員,價錢,-0.00881033786112375,招募人員
1120,正向,價錢,0.005510656893641567,情緒
1121,負向,價錢,-0.019297660111519073,情緒
1122,成就感,科技,-0.02552943254377238,成長價值
1123,學習成長,科技,-0.0388798907164721,成長價值
1124,創新,科技,0.03810720894984405,成長價值
1125,薪資,科技,0.07292828182126693,經濟報酬
1126,福利,科技,0.032916825635706234,經濟報酬
1127,管理制度,科技,-0.025725057716742654,經濟報酬
1128,工作氛圍,科技,0.03428481309274265,人際價值
1129,同事互動,科技,-0.020875853972172877,人際價值
1130,主管風格,科技,-0.055272403173502425,人際價值
1131,工作地點,科技,-0.01804211427998587,組織安全與安定
1132,公司規模,科技,0.2452843571075926,組織安全與安定
1133,工作環境,科技,-0.05389130623540706,組織安全與安定
1134,產業前景,科技,0.10330298680614572,組織安全與安定
1135,輪調,科技,-0.015830046040394903,變化性
1136,外派,科技,-0.02022879009974165,變化性
1137,出差,科技,0.04415362196202813,變化性
1138,引擎,科技,0.2321302587563874,產品與服務
1139,馬力,科技,0.016658068032286828,產品與服務
1140,外觀,科技,0.05056121857684311,產品與服務
1141,安全,科技,-0.015616857487750515,產品與服務
1142,配備,科技,-0.022311044034001883,產品與服務
1143,價錢,科技,-0.01018242409615573,產品與服務
1144,科技,科技,1.0,產品與服務
1145,品質,科技,0.013804520294350297,產品與服務
1146,折舊,科技,-0.006225715752087022,產品與服務
1147,品牌,科技,0.24932322513621924,產品與服務
1148,空間,科技,-0.021791702371480856,產品與服務
1149,保養,科技,-0.020649792796620915,產品與服務
1150,尺寸,科技,0.03192627875888621,產品與服務
1151,車種,科技,0.1310178756693872,產品與服務
1152,變速箱,科技,-0.006225715752087021,產品與服務
1153,電資,科技,0.054520228380899476,科系專業
1154,機械,科技,0.12527661293501746,科系專業
1155,製造,科技,-0.01617437420035867,科系專業
1156,品管,科技,0.013804520294350343,科系專業
1157,多元性,科技,0.09608597573335413,公司文化與價值
1158,企業社會責任,科技,-0.008812731702225506,公司文化與價值
1159,企業永續目標,科技,-0.007879396329120741,公司文化與價值
1160,面試,科技,0.05922954536037556,招募資訊
1161,徵才,科技,-0.007362562828569955,招募資訊
1162,實習,科技,-0.05668120272412126,招募資訊
1163,工作,科技,0.018166683991092007,招募資訊
1164,離職,科技,0.11001708343452592,招募資訊
1165,轉職,科技,-0.016564844493324488,招募資訊
1166,新鮮人,科技,-0.03299768169536297,招募資訊
1167,畢業,科技,-0.028954764477582343,招募資訊
1168,出路,科技,-0.03429267783400637,招募資訊
1169,能力,科技,-0.04360780643884282,招募資訊
1170,招募人員,科技,-0.01993899969440596,招募人員
1171,正向,科技,0.024893255112052693,情緒
1172,負向,科技,0.017186068077094104,情緒
1173,成就感,品質,-0.03198049804500076,成長價值
1174,學習成長,品質,0.020608167456759877,成長價值
1175,創新,品質,0.055225388943585876,成長價值
1176,薪資,品質,0.11800541358954976,經濟報酬
1177,福利,品質,0.07486772944424278,經濟報酬
1178,管理制度,品質,0.21494177054993743,經濟報酬
1179,工作氛圍,品質,0.04800768969889453,人際價值
1180,同事互動,品質,-0.0374838428095544,人際價值
1181,主管風格,品質,0.06344833878347148,人際價值
1182,工作地點,品質,-0.0034437920870659744,組織安全與安定
1183,公司規模,品質,-0.01853380649772264,組織安全與安定
1184,工作環境,品質,-0.045514417991777495,組織安全與安定
1185,產業前景,品質,0.02552044858661474,組織安全與安定
1186,輪調,品質,-0.019830160955560235,變化性
1187,外派,品質,-0.02534042937023005,變化性
1188,出差,品質,-0.02229809462724228,變化性
1189,引擎,品質,-0.007798899959761103,產品與服務
1190,馬力,品質,0.09467211865172606,產品與服務
1191,外觀,品質,-0.01673068643201974,產品與服務
1192,安全,品質,-0.019563101510373705,產品與服務
1193,配備,品質,-0.02794885075835278,產品與服務
1194,價錢,品質,-0.012755434079552843,產品與服務
1195,科技,品質,0.013804520294350295,產品與服務
1196,品質,品質,1.0,產品與服務
1197,折舊,品質,-0.007798899959761103,產品與服務
1198,品牌,品質,-0.01983016095556022,產品與服務
1199,空間,品質,-0.027298275975914322,產品與服務
1200,保養,品質,-0.025867815785944888,產品與服務
1201,尺寸,品質,-0.025762859036401,產品與服務
1202,車種,品質,0.034065195586432465,產品與服務
1203,變速箱,品質,-0.007798899959761101,產品與服務
1204,電資,品質,0.049311109541474864,科系專業
1205,機械,品質,-0.023573615063083787,科系專業
1206,製造,品質,0.06795644034457468,科系專業
1207,品管,品質,0.8325610454521787,科系專業
1208,多元性,品質,0.02395074213644528,公司文化與價值
1209,企業社會責任,品質,-0.01103963233381351,公司文化與價值
1210,企業永續目標,品質,-0.009870451231815677,公司文化與價值
1211,面試,品質,0.001103222764225105,招募資訊
1212,徵才,品質,0.046803744050970396,招募資訊
1213,實習,品質,0.001737352636891757,招募資訊
1214,工作,品質,-0.012722506918143228,招募資訊
1215,離職,品質,-0.0022699343599850447,招募資訊
1216,轉職,品質,0.04280559889799098,招募資訊
1217,新鮮人,品質,-0.04133590878444897,招募資訊
1218,畢業,品質,-0.03627138155856379,招募資訊
1219,出路,品質,-0.04295813918103766,招募資訊
1220,能力,品質,0.06623775834004288,招募資訊
1221,招募人員,品質,0.06507567736681846,招募人員
1222,正向,品質,0.006522988164846327,情緒
1223,負向,品質,0.09556250635577918,情緒
1224,成就感,折舊,-0.00766475171732367,成長價值
1225,學習成長,折舊,0.08536052058539119,成長價值
1226,創新,折舊,-0.003516015326406721,成長價值
1227,薪資,折舊,-0.018022745378802604,經濟報酬
1228,福利,折舊,-0.0189060027719354,經濟報酬
1229,管理制度,折舊,0.13423402001448329,經濟報酬
1230,工作氛圍,折舊,-0.020021222406591602,人際價值
1231,同事互動,折舊,0.08307902073403473,人際價值
1232,主管風格,折舊,-0.04224065301780317,人際價值
1233,工作地點,折舊,-0.012168947850875746,組織安全與安定
1234,公司規模,折舊,-0.00907410233992615,組織安全與安定
1235,工作環境,折舊,-0.020431080330564334,組織安全與安定
1236,產業前景,折舊,-0.011913389919013313,組織安全與安定
1237,輪調,折舊,-0.004752685840760228,變化性
1238,外派,折舊,-0.006073329416567753,變化性
1239,出差,折舊,-0.005344174404248146,變化性
1240,引擎,折舊,-0.0018691588785046684,產品與服務
1241,馬力,折舊,0.15843562672964037,產品與服務
1242,外觀,折舊,-0.004009836162694566,產品與服務
1243,安全,折舊,-0.004688679822522506,產品與服務
1244,配備,折舊,-0.0066984886084597685,產品與服務
1245,價錢,折舊,-0.0030570892025787184,產品與服務
1246,科技,折舊,-0.006225715752087023,產品與服務
1247,品質,折舊,-0.007798899959761103,產品與服務
1248,折舊,折舊,0.9999999999999999,產品與服務
1249,品牌,折舊,-0.004752685840760229,產品與服務
1250,空間,折舊,-0.006542565640220628,產品與服務
1251,保養,折舊,0.5476426297393426,產品與服務
1252,尺寸,折舊,-0.006174572946442619,產品與服務
1253,車種,折舊,-0.003957806907035727,產品與服務
1254,變速箱,折舊,-0.0018691588785046684,產品與服務
1255,電資,折舊,-0.012070932706466125,科系專業
1256,機械,折舊,-0.0056498778187897706,科系專業
1257,製造,折舊,0.04319655842990009,科系專業
1258,品管,折舊,-0.0077988999597611,科系專業
1259,多元性,折舊,-0.008026095772414468,公司文化與價值
1260,企業社會責任,折舊,-0.00264586376266414,公司文化與價值
1261,企業永續目標,折舊,-0.0023656466488846555,公司文化與價值
1262,面試,折舊,0.10241552846296204,招募資訊
1263,徵才,折舊,0.01753644857428482,招募資訊
1264,實習,折舊,0.0026152607330223116,招募資訊
1265,工作,折舊,0.14552988375901468,招募資訊
1266,離職,折舊,-0.013600853916834767,招募資訊
1267,轉職,折舊,-0.004973295824719797,招募資訊
1268,新鮮人,折舊,-0.009906958840882291,招募資訊
1269,畢業,折舊,-0.008693145857187919,招募資訊
1270,出路,折舊,-0.010295758077237264,招募資訊
1271,能力,折舊,-0.031238468056668807,招募資訊
1272,招募人員,折舊,0.049170188757801894,招募人員
1273,正向,折舊,0.007473750916427094,情緒
1274,負向,折舊,0.15885205829366497,情緒
1275,成就感,品牌,-0.019489063973528745,成長價值
1276,學習成長,品牌,0.009795383639325911,成長價值
1277,創新,品牌,0.09089128301172315,成長價值
1278,薪資,品牌,0.14448508204612065,經濟報酬
1279,福利,品牌,0.10747926204606971,經濟報酬
1280,管理制度,品牌,0.042552907518997124,經濟報酬
1281,工作氛圍,品牌,-0.03163755394072127,人際價值
1282,同事互動,品牌,0.004509702084468941,人際價值
1283,主管風格,品牌,0.016781993144322646,人際價值
1284,工作地點,品牌,-0.030941824589076572,組織安全與安定
1285,公司規模,品牌,0.0873462766304772,組織安全與安定
1286,工作環境,品牌,0.014257972615316021,組織安全與安定
1287,產業前景,品牌,0.04133969894300182,組織安全與安定
1288,輪調,品牌,-0.012084592145015094,變化性
1289,外派,品牌,-0.015442575297550956,變化性
1290,出差,品牌,0.11056148483185234,變化性
1291,引擎,品牌,0.31367726549017483,產品與服務
1292,馬力,品牌,0.13767799249725524,產品與服務
1293,外觀,品牌,0.1178884516611002,產品與服務
1294,安全,品牌,-0.011921844879333074,產品與服務
1295,配備,品牌,-0.01703215940069742,產品與服務
1296,價錢,品牌,-0.0077732207433646805,產品與服務
1297,科技,品牌,0.24932322513621924,產品與服務
1298,品質,品牌,-0.01983016095556022,產品與服務
1299,折舊,品牌,-0.004752685840760229,產品與服務
1300,品牌,品牌,1.0,產品與服務
1301,空間,品牌,-0.01663569610807867,產品與服務
1302,保養,品牌,-0.015763967027603756,產品與服務
1303,尺寸,品牌,0.08949003361395472,產品與服務
1304,車種,品牌,0.27890171306361256,產品與服務
1305,變速箱,品牌,-0.004752685840760229,產品與服務
1306,電資,品牌,0.04839987358773326,科系專業
1307,機械,品牌,0.01771790689646359,科系專業
1308,製造,品牌,-0.014892925331031391,科系專業
1309,品管,品牌,-0.019830160955560217,科系專業
1310,多元性,品牌,0.03428518594664482,公司文化與價值
1311,企業社會責任,品牌,-0.0067276031941460425,公司文化與價值
1312,企業永續目標,品牌,-0.006015098802831867,公司文化與價值
1313,面試,品牌,0.09405232866601504,招募資訊
1314,徵才,品牌,0.025760855224326747,招募資訊
1315,實習,品牌,0.03722578111407944,招募資訊
1316,工作,品牌,0.018058590322225346,招募資訊
1317,離職,品牌,0.06916542684108448,招募資訊
1318,轉職,品牌,-0.012645534266710818,招募資訊
1319,新鮮人,品牌,0.019224172278157495,招募資訊
1320,畢業,品牌,0.1972982052543989,招募資訊
1321,出路,品牌,-0.02617888944396441,招募資訊
1322,能力,品牌,-0.013366091864826807,招募資訊
1323,招募人員,品牌,0.05833144592533296,招募人員
1324,正向,品牌,0.12336639112863484,情緒
1325,負向,品牌,0.13877156284127695,情緒
1326,成就感,空間,0.03023554221415535,成長價值
1327,學習成長,空間,-0.00236567769455357,成長價值
1328,創新,空間,-0.012307012169795168,成長價值
1329,薪資,空間,0.0882835736862167,經濟報酬
1330,福利,空間,0.03459208562760216,經濟報酬
1331,管理制度,空間,0.07032927267749957,經濟報酬
1332,工作氛圍,空間,-0.03470992601699647,人際價值
1333,同事互動,空間,0.013505282190759827,人際價值
1334,主管風格,空間,-0.006160575046012253,人際價值
1335,工作地點,空間,0.06769871931098542,組織安全與安定
1336,公司規模,空間,-0.03176183194899991,組織安全與安定
1337,工作環境,空間,0.11944969501313302,組織安全與安定
1338,產業前景,空間,0.024038888391194693,組織安全與安定
1339,輪調,空間,-0.016635696108078777,變化性
1340,外派,空間,-0.021258308653978934,變化性
1341,出差,空間,0.13320987341367252,變化性
1342,引擎,空間,-0.006542565640220628,產品與服務
1343,馬力,空間,0.10067831905521095,產品與服務
1344,外觀,空間,-0.014035519721013362,產品與服務
1345,安全,空間,-0.016411657595084755,產品與服務
1346,配備,空間,0.0997627130847799,產品與服務
1347,價錢,空間,-0.0107006456250963,產品與服務
1348,科技,空間,-0.021791702371480856,產品與服務
1349,品質,空間,-0.027298275975914325,產品與服務
1350,折舊,空間,-0.006542565640220628,產品與服務
1351,品牌,空間,-0.016635696108078673,產品與服務
1352,空間,空間,1.0,產品與服務
1353,保養,空間,-0.021700737747873816,產品與服務
1354,尺寸,空間,0.04274509524950576,產品與服務
1355,車種,空間,-0.0138534031421208,產品與服務
1356,變速箱,空間,-0.006542565640220628,產品與服務
1357,電資,空間,0.07388605297506694,科系專業
1358,機械,空間,0.09800162476843169,科系專業
1359,製造,空間,-0.04503042825451138,科系專業
1360,品管,空間,-0.027298275975914332,科系專業
1361,多元性,空間,0.12248776140383225,公司文化與價值
1362,企業社會責任,空間,0.19757321553357993,公司文化與價值
1363,企業永續目標,空間,0.08418414990944532,公司文化與價值
1364,面試,空間,-0.03746084630844977,招募資訊
1365,徵才,空間,0.0037826658727389646,招募資訊
1366,實習,空間,-0.02291522927158365,招募資訊
1367,工作,空間,0.05177812180163474,招募資訊
1368,離職,空間,0.04760669653995974,招募資訊
1369,轉職,空間,-0.017407891194083428,招募資訊
1370,新鮮人,空間,0.08760519600914156,招募資訊
1371,畢業,空間,0.01990992791867004,招募資訊
1372,出路,空間,0.1496961418472741,招募資訊
1373,能力,空間,0.09275315851925699,招募資訊
1374,招募人員,空間,0.0007308240565057561,招募人員
1375,正向,空間,0.04052681404976961,情緒
1376,負向,空間,0.10199558747591152,情緒
1377,成就感,保養,0.010626488793831544,成長價值
1378,學習成長,保養,0.10289465138136401,成長價值
1379,創新,保養,-0.011662110968638928,成長價值
1380,薪資,保養,0.02113392719297661,經濟報酬
1381,福利,保養,0.0539989506489005,經濟報酬
1382,管理制度,保養,0.0740672884148923,經濟報酬
1383,工作氛圍,保養,0.05648596069471114,人際價值
1384,同事互動,保養,0.017407474978539728,人際價值
1385,主管風格,保養,-0.05059386820770814,人際價值
1386,工作地點,保養,0.01189430113444204,組織安全與安定
1387,公司規模,保養,-0.03009747643425494,組織安全與安定
1388,工作環境,保養,0.019969961654179996,組織安全與安定
1389,產業前景,保養,0.0712302711093353,組織安全與安定
1390,輪調,保養,-0.015763967027603805,變化性
1391,外派,保養,0.00593625758402132,變化性
1392,出差,保養,-0.017725848482519527,變化性
1393,引擎,保養,-0.00619972788384162,產品與服務
1394,馬力,保養,0.0953164259030545,產品與服務
1395,外觀,保養,-0.013300042791109343,產品與服務
1396,安全,保養,0.03590323441563443,產品與服務
1397,配備,保養,0.05561738638883978,產品與服務
1398,價錢,保養,-0.010139919827350845,產品與服務
1399,科技,保養,-0.02064979279662092,產品與服務
1400,品質,保養,-0.025867815785944888,產品與服務
1401,折舊,保養,0.5476426297393425,產品與服務
1402,品牌,保養,-0.015763967027603756,產品與服務
1403,空間,保養,-0.021700737747873816,產品與服務
1404,保養,保養,0.9999999999999999,產品與服務
1405,尺寸,保養,-0.02048015955577778,產品與服務
1406,車種,保養,-0.013127469324619577,產品與服務
1407,變速箱,保養,0.17841439132388645,產品與服務
1408,電資,保養,-0.0033535705936388717,科系專業
1409,機械,保養,0.05566421261956869,科系專業
1410,製造,保養,-0.0013491214281012662,科系專業
1411,品管,保養,-0.025867815785944864,科系專業
1412,多元性,保養,0.005087643655542616,公司文化與價值
1413,企業社會責任,保養,-0.008775944910235757,公司文化與價值
1414,企業永續目標,保養,-0.007846505538437616,公司文化與價值
1415,面試,保養,0.055651273461044,招募資訊
1416,徵才,保養,-0.01460934904144916,招募資訊
1417,實習,保養,0.01880406736511466,招募資訊
1418,工作,保養,0.06181890641831708,招募資訊
1419,離職,保養,-0.0050124502667398315,招募資訊
1420,轉職,保養,-0.016495698227522993,招募資訊
1421,新鮮人,保養,-0.007110045540110801,招募資訊
1422,畢業,保養,-0.028833899241473938,招募資訊
1423,出路,保養,0.00496189761779577,招募資訊
1424,能力,保養,-0.044033731649829426,招募資訊
1425,招募人員,保養,0.0362653860037528,招募人員
1426,正向,保養,0.02781463706189835,情緒
1427,負向,保養,0.09470647145329768,情緒
1428,成就感,尺寸,0.01776398996135935,成長價值
1429,學習成長,尺寸,0.05460983507712885,成長價值
1430,創新,尺寸,0.03450023643814445,成長價值
1431,薪資,尺寸,0.04595609947431239,經濟報酬
1432,福利,尺寸,0.0009462730891502046,經濟報酬
1433,管理制度,尺寸,-0.0060801029161083285,經濟報酬
1434,工作氛圍,尺寸,0.04067925185989828,人際價值
1435,同事互動,尺寸,0.07610395470905588,人際價值
1436,主管風格,尺寸,0.037210033719901725,人際價值
1437,工作地點,尺寸,0.022255021076628335,組織安全與安定
1438,公司規模,尺寸,-0.004472513755628904,組織安全與安定
1439,工作環境,尺寸,0.024257979751866242,組織安全與安定
1440,產業前景,尺寸,0.05991166850926555,組織安全與安定
1441,輪調,尺寸,-0.015700005897185003,變化性
1442,外派,尺寸,0.011107129049065271,變化性
1443,出差,尺寸,0.039694587742675584,變化性
1444,引擎,尺寸,-0.0061745729464426176,產品與服務
1445,馬力,尺寸,0.10823354288869379,產品與服務
1446,外觀,尺寸,0.10508555888511625,產品與服務
1447,安全,尺寸,-0.0154885686388732,產品與服務
1448,配備,尺寸,-0.022127764000959657,產品與服務
1449,價錢,尺寸,-0.010098777852530806,產品與服務
1450,科技,尺寸,0.031926278758886206,產品與服務
1451,品質,尺寸,-0.025762859036400996,產品與服務
1452,折舊,尺寸,-0.006174572946442619,產品與服務
1453,品牌,尺寸,0.08949003361395472,產品與服務
1454,空間,尺寸,0.04274509524950575,產品與服務
1455,保養,尺寸,-0.020480159555777776,產品與服務
1456,尺寸,尺寸,1.0,產品與服務
1457,車種,尺寸,0.12040720765930903,產品與服務
1458,變速箱,尺寸,-0.00617457294644262,產品與服務
1459,電資,尺寸,0.0478091950917189,科系專業
1460,機械,尺寸,0.07025878838426776,科系專業
1461,製造,尺寸,0.0439257552147962,科系專業
1462,品管,尺寸,-0.02576285903640097,科系專業
1463,多元性,尺寸,-0.02651337689472062,公司文化與價值
1464,企業社會責任,尺寸,-0.008740337162771632,公司文化與價值
1465,企業永續目標,尺寸,-0.00781466892248953,公司文化與價值
1466,面試,尺寸,0.06471451705030705,招募資訊
1467,徵才,尺寸,0.14490574249619897,招募資訊
1468,實習,尺寸,-0.0034669904167761584,招募資訊
1469,工作,尺寸,0.13016032596645907,招募資訊
1470,離職,尺寸,0.05091954872878525,招募資訊
1471,轉職,尺寸,-0.016428768151874423,招募資訊
1472,新鮮人,尺寸,-0.03272661342163134,招募資訊
1473,畢業,尺寸,0.009288678828206378,招募資訊
1474,出路,尺寸,-0.03401097146845248,招募資訊
1475,能力,尺寸,-0.011643022391315675,招募資訊
1476,招募人員,尺寸,0.05152194784056361,招募人員
1477,正向,尺寸,0.021073140720632974,情緒
1478,負向,尺寸,0.1088850161675968,情緒
1479,成就感,車種,-0.01622954989883258,成長價值
1480,學習成長,車種,-0.016498238719871418,成長價值
1481,創新,車種,0.11923664850014346,成長價值
1482,薪資,車種,0.05843672882711956,經濟報酬
1483,福利,車種,-0.005198970775328974,經濟報酬
1484,管理制度,車種,0.008017812559056677,經濟報酬
1485,工作氛圍,車種,-0.04239347079553717,人際價值
1486,同事互動,車種,0.0245658026640806,人際價值
1487,主管風格,車種,0.038332065567978926,人際價值
1488,工作地點,車種,-0.02576685503272074,組織安全與安定
1489,公司規模,車種,0.19096111347280567,組織安全與安定
1490,工作環境,車種,-0.043261314905021844,組織安全與安定
1491,產業前景,車種,0.04294733501445703,組織安全與安定
1492,輪調,車種,-0.010063463873429525,變化性
1493,外派,車種,-0.012859829835773185,變化性
1494,出差,車種,0.14622490986965764,變化性
1495,引擎,車種,-0.003957806907035728,產品與服務
1496,馬力,車種,0.12228267775836424,產品與服務
1497,外觀,車種,0.15404254786923796,產品與服務
1498,安全,車種,-0.009927935821755354,產品與服務
1499,配備,車種,-0.014183558597475136,產品與服務
1500,價錢,車種,-0.006473162287343874,產品與服務
1501,科技,車種,0.13101787566938722,產品與服務
1502,品質,車種,0.034065195586432465,產品與服務
1503,折舊,車種,-0.003957806907035728,產品與服務
1504,品牌,車種,0.27890171306361256,產品與服務
1505,空間,車種,-0.0138534031421208,產品與服務
1506,保養,車種,-0.013127469324619577,產品與服務
1507,尺寸,車種,0.12040720765930903,產品與服務
1508,車種,車種,1.0,產品與服務
1509,變速箱,車種,-0.003957806907035728,產品與服務
1510,電資,車種,0.12498785979655469,科系專業
1511,機械,車種,-0.01196320211848589,科系專業
1512,製造,車種,-0.010282359888611859,科系專業
1513,品管,車種,0.034065195586432465,科系專業
1514,多元性,車種,-0.016994669447256885,公司文化與價值
1515,企業社會責任,車種,-0.005602422563097022,公司文化與價值
1516,企業永續目標,車種,-0.005009083365910472,公司文化與價值
1517,面試,車種,0.018515064979719897,招募資訊
1518,徵才,車種,0.08491804920679329,招募資訊
1519,實習,車種,0.005537622891177395,招募資訊
1520,工作,車種,0.008059498240325362,招募資訊
1521,離職,車種,0.10285289700676163,招募資訊
1522,轉職,車種,-0.010530589342707208,招募資訊
1523,新鮮人,車種,-0.0209772591185669,招募資訊
1524,畢業,車種,-0.018407099103834118,招募資訊
1525,出路,車種,0.042403195616791574,招募資訊
1526,能力,車種,-0.003271416100841112,招募資訊
1527,招募人員,車種,0.027946960632073425,招募人員
1528,正向,車種,0.12011525283677668,情緒
1529,負向,車種,0.12328044072038959,情緒
1530,成就感,變速箱,-0.00766475171732367,成長價值
1531,學習成長,變速箱,0.24837681167958242,成長價值
1532,創新,變速箱,-0.0035160153264067223,成長價值
1533,薪資,變速箱,0.021895401410611446,經濟報酬
1534,福利,變速箱,0.09624874138439855,經濟報酬
1535,管理制度,變速箱,-5.0106017175988975e-05,經濟報酬
1536,工作氛圍,變速箱,0.04060801606760665,人際價值
1537,同事互動,變速箱,-0.016989193004038564,人際價值
1538,主管風格,變速箱,-0.04224065301780317,人際價值
1539,工作地點,變速箱,-0.012168947850875748,組織安全與安定
1540,公司規模,變速箱,-0.00907410233992615,組織安全與安定
1541,工作環境,變速箱,-0.02043108033056433,組織安全與安定
1542,產業前景,變速箱,-0.011913389919013313,組織安全與安定
1543,輪調,變速箱,-0.004752685840760228,變化性
1544,外派,變速箱,-0.006073329416567753,變化性
1545,出差,變速箱,-0.005344174404248146,變化性
1546,引擎,變速箱,-0.0018691588785046684,產品與服務
1547,馬力,變速箱,-0.024783028978408277,產品與服務
1548,外觀,變速箱,-0.004009836162694566,產品與服務
1549,安全,變速箱,-0.004688679822522505,產品與服務
1550,配備,變速箱,-0.0066984886084597685,產品與服務
1551,價錢,變速箱,-0.003057089202578718,產品與服務
1552,科技,變速箱,-0.006225715752087021,產品與服務
1553,品質,變速箱,-0.007798899959761101,產品與服務
1554,折舊,變速箱,-0.0018691588785046684,產品與服務
1555,品牌,變速箱,-0.004752685840760229,產品與服務
1556,空間,變速箱,-0.006542565640220628,產品與服務
1557,保養,變速箱,0.17841439132388642,產品與服務
1558,尺寸,變速箱,-0.006174572946442619,產品與服務
1559,車種,變速箱,-0.003957806907035727,產品與服務
1560,變速箱,變速箱,0.9999999999999999,產品與服務
1561,電資,變速箱,-0.012070932706466126,科系專業
1562,機械,變速箱,-0.0056498778187897706,科系專業
1563,製造,變速箱,-0.01286483459292424,科系專業
1564,品管,變速箱,-0.0077988999597611,科系專業
1565,多元性,變速箱,-0.008026095772414468,公司文化與價值
1566,企業社會責任,變速箱,-0.0026458637626641406,公司文化與價值
1567,企業永續目標,變速箱,-0.002365646648884656,公司文化與價值
1568,面試,變速箱,-0.035626524989211435,招募資訊
1569,徵才,變速箱,-0.021957401996373447,招募資訊
1570,實習,變速箱,0.05758701574870704,招募資訊
1571,工作,變速箱,-0.039040403599357086,招募資訊
1572,離職,變速箱,-0.013600853916834769,招募資訊
1573,轉職,變速箱,-0.004973295824719797,招募資訊
1574,新鮮人,變速箱,-0.009906958840882295,招募資訊
1575,畢業,變速箱,-0.008693145857187917,招募資訊
1576,出路,變速箱,-0.010295758077237264,招募資訊
1577,能力,變速箱,-0.0312384680566688,招募資訊
1578,招募人員,變速箱,-0.034763636637681596,招募人員
1579,正向,變速箱,-0.008943996998347182,情緒
1580,負向,變速箱,-0.024285591621127645,情緒
1581,成就感,電資,-0.030061772331502357,成長價值
1582,學習成長,電資,0.08156502810339786,成長價值
1583,創新,電資,0.039706822820546175,成長價值
1584,薪資,電資,0.054147603548806905,經濟報酬
1585,福利,電資,0.00375673851250581,經濟報酬
1586,管理制度,電資,0.021022880349460604,經濟報酬
1587,工作氛圍,電資,0.08153348289530865,人際價值
1588,同事互動,電資,0.17860507650164448,人際價值
1589,主管風格,電資,0.0020983690986883345,人際價值
1590,工作地點,電資,0.015331803569076744,組織安全與安定
1591,公司規模,電資,-0.012578627401653941,組織安全與安定
1592,工作環境,電資,0.06910452904861557,組織安全與安定
1593,產業前景,電資,0.22161764096923575,組織安全與安定
1594,輪調,電資,0.03258137831759652,變化性
1595,外派,電資,-0.025159317928816524,變化性
1596,出差,電資,0.0948487794081252,變化性
1597,引擎,電資,-0.01207093270646613,產品與服務
1598,馬力,電資,0.24126275389173138,產品與服務
1599,外觀,電資,0.000796778997810864,產品與服務
1600,安全,電資,-0.030279255161611538,產品與服務
1601,配備,電資,-0.04325849779684513,產品與服務
1602,價錢,電資,-0.019742526152465675,產品與服務
1603,科技,電資,0.05452022838089947,產品與服務
1604,品質,電資,0.049311109541474864,產品與服務
1605,折舊,電資,-0.012070932706466125,產品與服務
1606,品牌,電資,0.04839987358773327,產品與服務
1607,空間,電資,0.07388605297506695,產品與服務
1608,保養,電資,-0.0033535705936388717,產品與服務
1609,尺寸,電資,0.047809195091718895,產品與服務
1610,車種,電資,0.12498785979655469,產品與服務
1611,變速箱,電資,-0.012070932706466128,產品與服務
1612,電資,電資,0.9999999999999999,科系專業
1613,機械,電資,0.12397967316025901,科系專業
1614,製造,電資,0.08958555623593653,科系專業
1615,品管,電資,0.0493111095414749,科系專業
1616,多元性,電資,-0.01763886817507533,公司文化與價值
1617,企業社會責任,電資,0.1238139672862585,公司文化與價值
1618,企業永續目標,電資,0.04771195011315703,公司文化與價值
1619,面試,電資,0.14479966912182893,招募資訊
1620,徵才,電資,0.04262046112991318,招募資訊
1621,實習,電資,0.16435274867529293,招募資訊
1622,工作,電資,0.14213796160991057,招募資訊
1623,離職,電資,-0.02297187008771468,招募資訊
1624,轉職,電資,-0.03211729078780468,招募資訊
1625,新鮮人,電資,0.1303920842849226,招募資訊
1626,畢業,電資,0.029589402070784126,招募資訊
1627,出路,電資,0.10221282277515555,招募資訊
1628,能力,電資,0.20898824289172424,招募資訊
1629,招募人員,電資,0.0673660957066925,招募人員
1630,正向,電資,0.11351124297710223,情緒
1631,負向,電資,0.24134111888580698,情緒
1632,成就感,機械,0.05567705496734197,成長價值
1633,學習成長,機械,0.01711947969598486,成長價值
1634,創新,機械,-0.010627805496706796,成長價值
1635,薪資,機械,0.12249087885584363,經濟報酬
1636,福利,機械,0.047276058624156035,經濟報酬
1637,管理制度,機械,-0.00556343554439158,經濟報酬
1638,工作氛圍,機械,0.2693556801060139,人際價值
1639,同事互動,機械,0.14021430693001938,人際價值
1640,主管風格,機械,2.604719967040863e-17,人際價值
1641,工作地點,機械,-0.017733973857932853,組織安全與安定
1642,公司規模,機械,0.042578937155880334,組織安全與安定
1643,工作環境,機械,0.13013660876869895,組織安全與安定
1644,產業前景,機械,0.024543572966650513,組織安全與安定
1645,輪調,機械,-0.014365870456592308,變化性
1646,外派,機械,-0.01835775949892517,變化性
1647,出差,機械,-0.01615375384807352,變化性
1648,引擎,機械,-0.005649877818789769,產品與服務
1649,馬力,機械,0.20645078704645703,產品與服務
1650,外觀,機械,-0.012120470150035093,產品與服務
1651,安全,機械,0.04209727837026485,產品與服務
1652,配備,機械,-0.020247418581468803,產品與服務
1653,價錢,機械,-0.009240616554505454,產品與服務
1654,科技,機械,0.1252766129350175,產品與服務
1655,品質,機械,-0.02357361506308379,產品與服務
1656,折舊,機械,-0.0056498778187897706,產品與服務
1657,品牌,機械,0.017717906896463586,產品與服務
1658,空間,機械,0.09800162476843167,產品與服務
1659,保養,機械,0.05566421261956869,產品與服務
1660,尺寸,機械,0.07025878838426776,產品與服務
1661,車種,機械,-0.011963202118485889,產品與服務
1662,變速箱,機械,-0.0056498778187897706,產品與服務
1663,電資,機械,0.12397967316025901,科系專業
1664,機械,機械,1.0,科系專業
1665,製造,機械,0.006301905155234495,科系專業
1666,品管,機械,-0.023573615063083787,科系專業
1667,多元性,機械,0.07976805169420449,公司文化與價值
1668,企業社會責任,機械,-0.007997611736555466,公司文化與價值
1669,企業永續目標,機械,-0.007150603772815862,公司文化與價值
1670,面試,機械,0.1797563704800909,招募資訊
1671,徵才,機械,0.045048656609139814,招募資訊
1672,實習,機械,0.024521336342916054,招募資訊
1673,工作,機械,0.19348609429028826,招募資訊
1674,離職,機械,0.02466665527848526,招募資訊
1675,轉職,機械,-0.0150327048650048,招募資訊
1676,新鮮人,機械,-0.0017862295025493338,招募資訊
1677,畢業,機械,0.07805134812265091,招募資訊
1678,出路,機械,0.03303595770881105,招募資訊
1679,能力,機械,0.07777067610010936,招募資訊
1680,招募人員,機械,0.06405747922375267,招募人員
1681,正向,機械,0.10530024926521002,情緒
1682,負向,機械,0.2056205067442987,情緒
1683,成就感,製造,-0.01991298147321827,成長價值
1684,學習成長,製造,0.021953754627009388,成長價值
1685,創新,製造,-0.012482375285989866,成長價值
1686,薪資,製造,-0.04586569375451064,經濟報酬
1687,福利,製造,0.0180808048444545,經濟報酬
1688,管理制度,製造,0.06577930487674565,經濟報酬
1689,工作氛圍,製造,0.014868022777767798,人際價值
1690,同事互動,製造,0.05385337238923275,人際價值
1691,主管風格,製造,0.06145494704976109,人際價值
1692,工作地點,製造,-0.06259671289291027,組織安全與安定
1693,公司規模,製造,-0.010614554612428011,組織安全與安定
1694,工作環境,製造,0.005915116928016753,組織安全與安定
1695,產業前景,製造,0.11137513289804808,組織安全與安定
1696,輪調,製造,0.092017002938159,變化性
1697,外派,製造,0.029477780398166717,變化性
1698,出差,製造,-0.03678227706431975,變化性
1699,引擎,製造,-0.012864834592924238,產品與服務
1700,馬力,製造,0.12179434540260187,產品與服務
1701,外觀,製造,-0.02759844525311853,產品與服務
1702,安全,製造,0.07710572431230638,產品與服務
1703,配備,製造,0.03662270439488084,產品與服務
1704,價錢,製造,-0.021040986605939564,產品與服務
1705,科技,製造,-0.016174374200358665,產品與服務
1706,品質,製造,0.06795644034457467,產品與服務
1707,折舊,製造,0.043196558429900084,產品與服務
1708,品牌,製造,-0.014892925331031393,產品與服務
1709,空間,製造,-0.04503042825451138,產品與服務
1710,保養,製造,-0.001349121428101266,產品與服務
1711,尺寸,製造,0.0439257552147962,產品與服務
1712,車種,製造,-0.010282359888611859,產品與服務
1713,變速箱,製造,-0.01286483459292424,產品與服務
1714,電資,製造,0.08958555623593653,科系專業
1715,機械,製造,0.006301905155234495,科系專業
1716,製造,製造,0.9999999999999999,科系專業
1717,品管,製造,0.10538223230418636,科系專業
1718,多元性,製造,0.012162024530108149,公司文化與價值
1719,企業社會責任,製造,-0.0182106508192162,公司文化與價值
1720,企業永續目標,製造,-0.0162820042711156,公司文化與價值
1721,面試,製造,0.0026180307679300636,招募資訊
1722,徵才,製造,0.052189442493527846,招募資訊
1723,實習,製造,0.04568441170082686,招募資訊
1724,工作,製造,0.07986588596865211,招募資訊
1725,離職,製造,0.04642467673284208,招募資訊
1726,轉職,製造,0.07231557260144889,招募資訊
1727,新鮮人,製造,-0.013450566018446545,招募資訊
1728,畢業,製造,-0.011548460922452817,招募資訊
1729,出路,製造,0.01227573835542802,招募資訊
1730,能力,製造,0.08352087183443406,招募資訊
1731,招募人員,製造,0.009656209936875423,招募人員
1732,正向,製造,0.04776474598746185,情緒
1733,負向,製造,0.12170392380011394,情緒
1734,成就感,品管,-0.03198049804500072,成長價值
1735,學習成長,品管,0.011539220201568286,成長價值
1736,創新,品管,0.05522538894358593,成長價值
1737,薪資,品管,0.1379920056531684,經濟報酬
1738,福利,品管,0.10369610802334776,經濟報酬
1739,管理制度,品管,0.18804791636604465,經濟報酬
1740,工作氛圍,品管,0.037888884477263574,人際價值
1741,同事互動,品管,0.004268733553540215,人際價值
1742,主管風格,品管,0.07049815420385716,人際價值
1743,工作地點,品管,-0.0034437920870659744,組織安全與安定
1744,公司規模,品管,-0.018533806497722703,組織安全與安定
1745,工作環境,品管,0.024017380178071403,組織安全與安定
1746,產業前景,品管,0.025520448586614727,組織安全與安定
1747,輪調,品管,-0.01983016095556023,變化性
1748,外派,品管,-0.025340429370230018,變化性
1749,出差,品管,-0.022298094627242283,變化性
1750,引擎,品管,-0.007798899959761101,產品與服務
1751,馬力,品管,0.08619760493495511,產品與服務
1752,外觀,品管,-0.016730686432019786,產品與服務
1753,安全,品管,0.12024786395043092,產品與服務
1754,配備,品管,0.007299582198063852,產品與服務
1755,價錢,品管,-0.01275543407955284,產品與服務
1756,科技,品管,0.013804520294350343,產品與服務
1757,品質,品管,0.8325610454521787,產品與服務
1758,折舊,品管,-0.007798899959761099,產品與服務
1759,品牌,品管,-0.019830160955560217,產品與服務
1760,空間,品管,-0.02729827597591433,產品與服務
1761,保養,品管,-0.02586781578594486,產品與服務
1762,尺寸,品管,-0.025762859036400968,產品與服務
1763,車種,品管,0.034065195586432465,產品與服務
1764,變速箱,品管,-0.007798899959761099,產品與服務
1765,電資,品管,0.049311109541474905,科系專業
1766,機械,品管,-0.023573615063083784,科系專業
1767,製造,品管,0.10538223230418635,科系專業
1768,品管,品管,1.0,科系專業
1769,多元性,品管,0.023950742136445286,公司文化與價值
1770,企業社會責任,品管,-0.011039632333813509,公司文化與價值
1771,企業永續目標,品管,-0.009870451231815675,公司文化與價值
1772,面試,品管,-0.023855401330322785,招募資訊
1773,徵才,品管,0.05998651168697667,招募資訊
1774,實習,品管,-0.007437238627876389,招募資訊
1775,工作,品管,0.010380588648626218,招募資訊
1776,離職,品管,0.015889540519894944,招募資訊
1777,轉職,品管,0.04280559889799101,招募資訊
1778,新鮮人,品管,-0.041335908784449,招募資訊
1779,畢業,品管,-0.03627138155856379,招募資訊
1780,出路,品管,-0.04295813918103766,招募資訊
1781,能力,品管,0.035402071904031295,招募資訊
1782,招募人員,品管,0.059472374062623325,招募人員
1783,正向,品管,0.02844350011693177,情緒
1784,負向,品管,0.08691350431662304,情緒
1785,成就感,多元性,0.03429132244931299,成長價值
1786,學習成長,多元性,0.11453993801206586,成長價值
1787,創新,多元性,-0.015097633524654312,成長價值
1788,薪資,多元性,0.1282993999561465,經濟報酬
1789,福利,多元性,0.08693815958157881,經濟報酬
1790,管理制度,多元性,0.12894567309285296,經濟報酬
1791,工作氛圍,多元性,0.049406238998286216,人際價值
1792,同事互動,多元性,0.02158065058535321,人際價值
1793,主管風格,多元性,0.0834346742987743,人際價值
1794,工作地點,多元性,0.012692175634778664,組織安全與安定
1795,公司規模,多元性,0.25938787390397866,組織安全與安定
1796,工作環境,多元性,-0.005950400717911393,組織安全與安定
1797,產業前景,多元性,0.026263904597825044,組織安全與安定
1798,輪調,多元性,0.08897822067105447,變化性
1799,外派,多元性,0.07116067458912705,變化性
1800,出差,多元性,-0.022947677742245202,變化性
1801,引擎,多元性,0.16405339758815168,產品與服務
1802,馬力,多元性,0.13629453472781414,產品與服務
1803,外觀,多元性,-0.0172180810543105,產品與服務
1804,安全,多元性,-0.020133009416437624,產品與服務
1805,配備,多元性,-0.028763050439530105,產品與服務
1806,價錢,多元性,-0.013127022537720336,產品與服務
1807,科技,多元性,0.09608597573335415,產品與服務
1808,品質,多元性,0.02395074213644528,產品與服務
1809,折舊,多元性,-0.008026095772414468,產品與服務
1810,品牌,多元性,0.03428518594664482,產品與服務
1811,空間,多元性,0.12248776140383225,產品與服務
1812,保養,多元性,0.005087643655542617,產品與服務
1813,尺寸,多元性,-0.02651337689472062,產品與服務
1814,車種,多元性,-0.01699466944725688,產品與服務
1815,變速箱,多元性,-0.008026095772414468,產品與服務
1816,電資,多元性,-0.01763886817507533,科系專業
1817,機械,多元性,0.07976805169420449,科系專業
1818,製造,多元性,0.012162024530108149,科系專業
1819,品管,多元性,0.023950742136445286,科系專業
1820,多元性,多元性,0.9999999999999998,公司文化與價值
1821,企業社會責任,多元性,-0.011361236438548295,公司文化與價值
1822,企業永續目標,多元性,-0.010157995013687249,公司文化與價值
1823,面試,多元性,0.06436173245908199,招募資訊
1824,徵才,多元性,0.027817012654589406,招募資訊
1825,實習,多元性,0.1103693940143911,招募資訊
1826,工作,多元性,0.1414517074817625,招募資訊
1827,離職,多元性,0.091106401660368,招募資訊
1828,轉職,多元性,-0.021355139497656155,招募資訊
1829,新鮮人,多元性,0.1494724680272185,招募資訊
1830,畢業,多元性,0.17016052216492447,招募資訊
1831,出路,多元性,0.0651581284395209,招募資訊
1832,能力,多元性,0.04436689335224525,招募資訊
1833,招募人員,多元性,0.11310374735447973,招募人員
1834,正向,多元性,0.10822894375789759,情緒
1835,負向,多元性,0.1367695727969676,情緒
1836,成就感,企業社會責任,-0.010849740517996212,成長價值
1837,學習成長,企業社會責任,0.005453179839999681,成長價值
1838,創新,企業社會責任,-0.004977050184494558,成長價值
1839,薪資,企業社會責任,0.0027409441695033657,經濟報酬
1840,福利,企業社會責任,-0.026762148582634166,經濟報酬
1841,管理制度,企業社會責任,0.018937489481899834,經濟報酬
1842,工作氛圍,企業社會責任,-0.02834078336466452,人際價值
1843,同事互動,企業社會責任,0.18842657235302263,人際價值
1844,主管風格,企業社會責任,-4.9787850529940975e-18,人際價值
1845,工作地點,企業社會責任,-0.01722559730938435,組織安全與安定
1846,公司規模,企業社會責任,-0.012844728629555359,組織安全與安定
1847,工作環境,企業社會責任,0.01320304351759613,組織安全與安定
1848,產業前景,企業社會責任,0.08947758062481849,組織安全與安定
1849,輪調,企業社會責任,-0.006727603194146037,變化性
1850,外派,企業社會責任,-0.008597023188780091,變化性
1851,出差,企業社會責任,-0.007564877207693243,變化性
1852,引擎,企業社會責任,-0.0026458637626641406,產品與服務
1853,馬力,企業社會責任,0.07405886859693506,產品與服務
1854,外觀,企業社會責任,-0.0056760719054451845,產品與服務
1855,安全,企業社會責任,-0.006637000299873586,產品與服務
1856,配備,企業社會責任,-0.009481959226452135,產品與服務
1857,價錢,企業社會責任,-0.004327423224079151,產品與服務
1858,科技,企業社會責任,-0.008812731702225506,產品與服務
1859,品質,企業社會責任,-0.011039632333813512,產品與服務
1860,折舊,企業社會責任,-0.0026458637626641406,產品與服務
1861,品牌,企業社會責任,-0.0067276031941460425,產品與服務
1862,空間,企業社會責任,0.1975732155335799,產品與服務
1863,保養,企業社會責任,-0.008775944910235759,產品與服務
1864,尺寸,企業社會責任,-0.008740337162771632,產品與服務
1865,車種,企業社會責任,-0.005602422563097023,產品與服務
1866,變速箱,企業社會責任,-0.0026458637626641406,產品與服務
1867,電資,企業社會責任,0.1238139672862585,科系專業
1868,機械,企業社會責任,-0.007997611736555466,科系專業
1869,製造,企業社會責任,-0.0182106508192162,科系專業
1870,品管,企業社會責任,-0.01103963233381351,科系專業
1871,多元性,企業社會責任,-0.011361236438548295,公司文化與價值
1872,企業社會責任,企業社會責任,1.0,公司文化與價值
1873,企業永續目標,企業社會責任,0.8940923876226571,公司文化與價值
1874,面試,企業社會責任,-0.00972157461789933,招募資訊
1875,徵才,企業社會責任,0.02482349378756012,招募資訊
1876,實習,企業社會責任,0.08151655802066847,招募資訊
1877,工作,企業社會責任,0.0100533827270036,招募資訊
1878,離職,企業社會責任,-0.019252513488115422,招募資訊
1879,轉職,企業社會責任,0.2624871337770816,招募資訊
1880,新鮮人,企業社會責任,0.08488009528397718,招募資訊
1881,畢業,企業社會責任,-0.012305470589791825,招募資訊
1882,出路,企業社會責任,0.3609874544730141,招募資訊
1883,能力,企業社會責任,0.08654766931097392,招募資訊
1884,招募人員,企業社會責任,0.022077649086931352,招募人員
1885,正向,企業社會責任,0.05705923476702361,情緒
1886,負向,企業社會責任,0.0739983274751801,情緒
1887,成就感,企業永續目標,-0.00970067040482155,成長價值
1888,學習成長,企業永續目標,0.022068716113798608,成長價值
1889,創新,企業永續目標,-0.004449942682772539,成長價值
1890,薪資,企業永續目標,-0.010179653469999316,經濟報酬
1891,福利,企業永續目標,-0.023927833324159764,經濟報酬
1892,管理制度,企業永續目標,0.025429505392384914,經濟報酬
1893,工作氛圍,企業永續目標,-0.025339278665609446,人際價值
1894,同事互動,企業永續目標,0.1684707639666679,人際價值
1895,主管風格,企業永續目標,0.013365163925793056,人際價值
1896,工作地點,企業永續目標,-0.015401275426573924,組織安全與安定
1897,公司規模,企業永續目標,-0.01148437408876429,組織安全與安定
1898,工作環境,企業永續目標,0.030636112775622473,組織安全與安定
1899,產業前景,企業永續目標,0.03246169387365058,組織安全與安定
1900,輪調,企業永續目標,-0.006015098802831864,變化性
1901,外派,企業永續目標,-0.00768653298930376,變化性
1902,出差,企業永續目標,-0.006763699124698694,變化性
1903,引擎,企業永續目標,-0.0023656466488846555,產品與服務
1904,馬力,企業永續目標,0.04778013947637689,產品與服務
1905,外觀,企業永續目標,-0.005074932682257386,產品與服務
1906,安全,企業永續目標,-0.005934091444766283,產品與服務
1907,配備,企業永續目標,-0.008477747564119297,產品與服務
1908,價錢,企業永續目標,-0.003869116162670676,產品與服務
1909,科技,企業永續目標,-0.007879396329120741,產品與服務
1910,品質,企業永續目標,-0.009870451231815677,產品與服務
1911,折舊,企業永續目標,-0.0023656466488846555,產品與服務
1912,品牌,企業永續目標,-0.006015098802831867,產品與服務
1913,空間,企業永續目標,0.08418414990944531,產品與服務
1914,保養,企業永續目標,-0.007846505538437618,產品與服務
1915,尺寸,企業永續目標,-0.007814668922489528,產品與服務
1916,車種,企業永續目標,-0.005009083365910473,產品與服務
1917,變速箱,企業永續目標,-0.002365646648884656,產品與服務
1918,電資,企業永續目標,0.04771195011315703,科系專業
1919,機械,企業永續目標,-0.007150603772815862,科系專業
1920,製造,企業永續目標,-0.0162820042711156,科系專業
1921,品管,企業永續目標,-0.009870451231815675,科系專業
1922,多元性,企業永續目標,-0.010157995013687249,公司文化與價值
1923,企業社會責任,企業永續目標,0.8940923876226571,公司文化與價值
1924,企業永續目標,企業永續目標,0.9999999999999998,公司文化與價值
1925,面試,企業永續目標,0.0022273213770271786,招募資訊
1926,徵才,企業永續目標,0.022194496829655953,招募資訊
1927,實習,企業永續目標,0.03809663139180681,招募資訊
1928,工作,企業永續目標,0.02358840445035614,招募資訊
1929,離職,企業永續目標,-0.01721352575232654,招募資訊
1930,轉職,企業永續目標,0.355178775949415,招募資訊
1931,新鮮人,企業永續目標,0.03167609616170716,招募資訊
1932,畢業,企業永續目標,-0.011002227580447358,招募資訊
1933,出路,企業永續目標,0.1548628039396356,招募資訊
1934,能力,企業永續目標,0.04815219426259779,招募資訊
1935,招募人員,企業永續目標,0.01973945798522969,招募人員
1936,正向,企業永續目標,0.0094589357883738,情緒
1937,負向,企業永續目標,0.04739019516966586,情緒
1938,成就感,面試,0.004408731941873243,成長價值
1939,學習成長,面試,0.09775988371026718,成長價值
1940,創新,面試,0.08205189207150926,成長價值
1941,薪資,面試,0.012156320824346999,經濟報酬
1942,福利,面試,-0.030460205095404307,經濟報酬
1943,管理制度,面試,0.01693050013766521,經濟報酬
1944,工作氛圍,面試,0.1342369803760966,人際價值
1945,同事互動,面試,0.18978015214953592,人際價值
1946,主管風格,面試,0.2371693918563379,人際價值
1947,工作地點,面試,0.10561543040264641,組織安全與安定
1948,公司規模,面試,0.14616260616154553,組織安全與安定
1949,工作環境,面試,0.058188652666705865,組織安全與安定
1950,產業前景,面試,0.09639675405230556,組織安全與安定
1951,輪調,面試,0.04469327367419006,變化性
1952,外派,面試,0.03700158757327433,變化性
1953,出差,面試,-0.009170835596798039,變化性
1954,引擎,面試,-0.024123020534863652,產品與服務
1955,馬力,面試,0.5813091930766514,產品與服務
1956,外觀,面試,-0.03632643579726818,產品與服務
1957,安全,面試,-0.002799452338423386,產品與服務
1958,配備,面試,0.02267556522749528,產品與服務
1959,價錢,面試,-0.06297232195632506,產品與服務
1960,科技,面試,0.05922954536037556,產品與服務
1961,品質,面試,0.001103222764225105,產品與服務
1962,折舊,面試,0.10241552846296202,產品與服務
1963,品牌,面試,0.09405232866601504,產品與服務
1964,空間,面試,-0.03746084630844977,產品與服務
1965,保養,面試,0.055651273461044,產品與服務
1966,尺寸,面試,0.06471451705030705,產品與服務
1967,車種,面試,0.018515064979719897,產品與服務
1968,變速箱,面試,-0.035626524989211435,產品與服務
1969,電資,面試,0.14479966912182893,科系專業
1970,機械,面試,0.1797563704800909,科系專業
1971,製造,面試,0.002618030767930063,科系專業
1972,品管,面試,-0.023855401330322785,科系專業
1973,多元性,面試,0.064361732459082,公司文化與價值
1974,企業社會責任,面試,-0.00972157461789933,公司文化與價值
1975,企業永續目標,面試,0.0022273213770271786,公司文化與價值
1976,面試,面試,0.9999999999999999,招募資訊
1977,徵才,面試,0.22813605866368214,招募資訊
1978,實習,面試,0.146103544533268,招募資訊
1979,工作,面試,0.1785482770975585,招募資訊
1980,離職,面試,0.020613857262888974,招募資訊
1981,轉職,面試,-0.016086898471762208,招募資訊
1982,新鮮人,面試,0.045429006297806475,招募資訊
1983,畢業,面試,0.28807369110470854,招募資訊
1984,出路,面試,-0.01833262530197424,招募資訊
1985,能力,面試,0.25103346020437517,招募資訊
1986,招募人員,面試,0.5077543076385865,招募人員
1987,正向,面試,0.27157997746740486,情緒
1988,負向,面試,0.5800279651188615,情緒
1989,成就感,徵才,-0.0360560655238999,成長價值
1990,學習成長,徵才,0.008839924527093515,成長價值
1991,創新,徵才,-0.01653982851204771,成長價值
1992,薪資,徵才,0.021172871910267444,經濟報酬
1993,福利,徵才,-0.026897753534280297,經濟報酬
1994,管理制度,徵才,0.017409303643644024,經濟報酬
1995,工作氛圍,徵才,0.04921825186614488,人際價值
1996,同事互動,徵才,-0.008257387883918313,人際價值
1997,主管風格,徵才,0.21230453896828871,人際價值
1998,工作地點,徵才,0.009830414259802677,組織安全與安定
1999,公司規模,徵才,0.0805682610278133,組織安全與安定
2000,工作環境,徵才,-0.02181574321056601,組織安全與安定
2001,產業前景,徵才,0.002198963261450262,組織安全與安定
2002,輪調,徵才,0.03203713631534424,變化性
2003,外派,徵才,0.03466264555611308,變化性
2004,出差,徵才,-0.01145269229453842,變化性
2005,引擎,徵才,0.017536448574284824,產品與服務
2006,馬力,徵才,0.2425041330344963,產品與服務
2007,外觀,徵才,0.0058485313638994415,產品與服務
2008,安全,徵才,0.02197406051239298,產品與服務
2009,配備,徵才,-0.028735456518131128,產品與服務
2010,價錢,徵才,-0.01976379907971911,產品與服務
2011,科技,徵才,-0.007362562828569955,產品與服務
2012,品質,徵才,0.046803744050970396,產品與服務
2013,折舊,徵才,0.01753644857428482,產品與服務
2014,品牌,徵才,0.025760855224326747,產品與服務
2015,空間,徵才,0.0037826658727389646,產品與服務
2016,保養,徵才,-0.01460934904144916,產品與服務
2017,尺寸,徵才,0.14490574249619897,產品與服務
2018,車種,徵才,0.08491804920679329,產品與服務
2019,變速箱,徵才,-0.021957401996373443,產品與服務
2020,電資,徵才,0.042620461129913176,科系專業
2021,機械,徵才,0.045048656609139814,科系專業
2022,製造,徵才,0.052189442493527846,科系專業
2023,品管,徵才,0.059986511686976676,科系專業
2024,多元性,徵才,0.027817012654589406,公司文化與價值
2025,企業社會責任,徵才,0.02482349378756012,公司文化與價值
2026,企業永續目標,徵才,0.022194496829655953,公司文化與價值
2027,面試,徵才,0.22813605866368214,招募資訊
2028,徵才,徵才,1.0,招募資訊
2029,實習,徵才,0.027471523485478003,招募資訊
2030,工作,徵才,0.11071488127421471,招募資訊
2031,離職,徵才,0.04181953982936929,招募資訊
2032,轉職,徵才,0.046659461364073763,招募資訊
2033,新鮮人,徵才,-0.022733188637098074,招募資訊
2034,畢業,徵才,0.14958846649082708,招募資訊
2035,出路,徵才,0.06312691982736443,招募資訊
2036,能力,徵才,0.09643166948976752,招募資訊
2037,招募人員,徵才,0.23814140421473962,招募人員
2038,正向,徵才,0.07226315286268624,情緒
2039,負向,徵才,0.24238773465824623,情緒
2040,成就感,實習,0.005357117570142707,成長價值
2041,學習成長,實習,0.3576104726947376,成長價值
2042,創新,實習,0.05087753723761086,成長價值
2043,薪資,實習,-0.08101163024879042,經濟報酬
2044,福利,實習,-0.03357265014317091,經濟報酬
2045,管理制度,實習,0.008911780960319755,經濟報酬
2046,工作氛圍,實習,-0.0019271145166446545,人際價值
2047,同事互動,實習,0.24339717200477717,人際價值
2048,主管風格,實習,0.10429697969727252,人際價值
2049,工作地點,實習,-0.034841380076036016,組織安全與安定
2050,公司規模,實習,0.07941324728917727,組織安全與安定
2051,工作環境,實習,-0.01060111025471799,組織安全與安定
2052,產業前景,實習,0.17330545127199834,組織安全與安定
2053,輪調,實習,0.024121784609823817,變化性
2054,外派,實習,-0.03809787667818974,變化性
2055,出差,實習,-0.02824343358581286,變化性
2056,引擎,實習,-0.02487061677482005,產品與服務
2057,馬力,實習,0.24654731051371137,產品與服務
2058,外觀,實習,-0.001760131883372247,產品與服務
2059,安全,實習,-0.047065036220094586,產品與服務
2060,配備,實習,0.015166458176741256,產品與服務
2061,價錢,實習,-0.04067695629201984,產品與服務
2062,科技,實習,-0.056681202724121256,產品與服務
2063,品質,實習,0.0017373526368917567,產品與服務
2064,折舊,實習,0.002615260733022312,產品與服務
2065,品牌,實習,0.03722578111407944,產品與服務
2066,空間,實習,-0.02291522927158365,產品與服務
2067,保養,實習,0.01880406736511466,產品與服務
2068,尺寸,實習,-0.0034669904167761584,產品與服務
2069,車種,實習,0.005537622891177395,產品與服務
2070,變速箱,實習,0.057587015748707046,產品與服務
2071,電資,實習,0.1643527486752929,科系專業
2072,機械,實習,0.024521336342916054,科系專業
2073,製造,實習,0.045684411700826856,科系專業
2074,品管,實習,-0.00743723862787639,科系專業
2075,多元性,實習,0.1103693940143911,公司文化與價值
2076,企業社會責任,實習,0.08151655802066847,公司文化與價值
2077,企業永續目標,實習,0.03809663139180681,公司文化與價值
2078,面試,實習,0.146103544533268,招募資訊
2079,徵才,實習,0.027471523485478006,招募資訊
2080,實習,實習,1.0,招募資訊
2081,工作,實習,0.08437266471604137,招募資訊
2082,離職,實習,-0.05858203142319264,招募資訊
2083,轉職,實習,0.04874819545210597,招募資訊
2084,新鮮人,實習,0.0521986438747361,招募資訊
2085,畢業,實習,0.016897667937155116,招募資訊
2086,出路,實習,0.0668126497721794,招募資訊
2087,能力,實習,0.22871893032272647,招募資訊
2088,招募人員,實習,0.14305036669986332,招募人員
2089,正向,實習,0.23727086482061113,情緒
2090,負向,實習,0.24588180900218348,情緒
2091,成就感,工作,0.11472033965550515,成長價值
2092,學習成長,工作,0.16617892432668013,成長價值
2093,創新,工作,0.008537589239752138,成長價值
2094,薪資,工作,0.16132402596872641,經濟報酬
2095,福利,工作,0.1381316669207118,經濟報酬
2096,管理制度,工作,0.19562547845281847,經濟報酬
2097,工作氛圍,工作,0.24082364505638515,人際價值
2098,同事互動,工作,0.17055533137881781,人際價值
2099,主管風格,工作,0.10165007600365915,人際價值
2100,工作地點,工作,0.10065924211716686,組織安全與安定
2101,公司規模,工作,-0.002855795262112936,組織安全與安定
2102,工作環境,工作,0.24758100545962217,組織安全與安定
2103,產業前景,工作,0.06948660319379357,組織安全與安定
2104,輪調,工作,0.09138741163065521,變化性
2105,外派,工作,0.0328544924994715,變化性
2106,出差,工作,0.09226664429895513,變化性
2107,引擎,工作,-0.015969117679560618,產品與服務
2108,馬力,工作,0.3602571153139614,產品與服務
2109,外觀,工作,0.015236014108132643,產品與服務
2110,安全,工作,-0.007905953866871592,產品與服務
2111,配備,工作,0.09840524610537399,產品與服務
2112,價錢,工作,0.0021823811342521707,產品與服務
2113,科技,工作,0.018166683991092007,產品與服務
2114,品質,工作,-0.012722506918143226,產品與服務
2115,折舊,工作,0.14552988375901468,產品與服務
2116,品牌,工作,0.018058590322225346,產品與服務
2117,空間,工作,0.051778121801634734,產品與服務
2118,保養,工作,0.06181890641831708,產品與服務
2119,尺寸,工作,0.13016032596645907,產品與服務
2120,車種,工作,0.008059498240325362,產品與服務
2121,變速箱,工作,-0.039040403599357086,產品與服務
2122,電資,工作,0.14213796160991057,科系專業
2123,機械,工作,0.19348609429028826,科系專業
2124,製造,工作,0.07986588596865211,科系專業
2125,品管,工作,0.010380588648626218,科系專業
2126,多元性,工作,0.1414517074817625,公司文化與價值
2127,企業社會責任,工作,0.0100533827270036,公司文化與價值
2128,企業永續目標,工作,0.02358840445035614,公司文化與價值
2129,面試,工作,0.1785482770975585,招募資訊
2130,徵才,工作,0.11071488127421471,招募資訊
2131,實習,工作,0.08437266471604137,招募資訊
2132,工作,工作,1.0,招募資訊
2133,離職,工作,0.22456709726536897,招募資訊
2134,轉職,工作,-0.01618092475319887,招募資訊
2135,新鮮人,工作,-0.029934349842852235,招募資訊
2136,畢業,工作,0.1363575973939251,招募資訊
2137,出路,工作,1.8237939498217472e-05,招募資訊
2138,能力,工作,0.07402137770221792,招募資訊
2139,招募人員,工作,0.1498722059280077,招募人員
2140,正向,工作,0.13303898024214933,情緒
2141,負向,工作,0.3606368593303806,情緒
2142,成就感,離職,0.02921402791090059,成長價值
2143,學習成長,離職,-0.01622884462671097,成長價值
2144,創新,離職,0.019898770726130083,成長價值
2145,薪資,離職,0.1766619985519421,經濟報酬
2146,福利,離職,0.09379684997114725,經濟報酬
2147,管理制度,離職,0.02296943911592304,經濟報酬
2148,工作氛圍,離職,-0.0008230709651745393,人際價值
2149,同事互動,離職,-0.025811005109269373,人際價值
2150,主管風格,離職,0.009174993695822779,人際價值
2151,工作地點,離職,0.12704544297564735,組織安全與安定
2152,公司規模,離職,0.00943247344116903,組織安全與安定
2153,工作環境,離職,0.05170986933301918,組織安全與安定
2154,產業前景,離職,-0.045893259333208467,組織安全與安定
2155,輪調,離職,0.0345827134205421,變化性
2156,外派,離職,0.0019214051916609965,變化性
2157,出差,離職,0.017675752012442078,變化性
2158,引擎,離職,-0.013600853916834767,產品與服務
2159,馬力,離職,0.08734073104176066,產品與服務
2160,外觀,離職,0.029177399795398976,產品與服務
2161,安全,離職,-0.0037907751545536252,產品與服務
2162,配備,離職,-0.0028671331346808468,產品與服務
2163,價錢,離職,-0.022244777655428222,產品與服務
2164,科技,離職,0.11001708343452592,產品與服務
2165,品質,離職,-0.0022699343599850447,產品與服務
2166,折舊,離職,-0.013600853916834767,產品與服務
2167,品牌,離職,0.06916542684108448,產品與服務
2168,空間,離職,0.04760669653995974,產品與服務
2169,保養,離職,-0.0050124502667398315,產品與服務
2170,尺寸,離職,0.05091954872878524,產品與服務
2171,車種,離職,0.10285289700676163,產品與服務
2172,變速箱,離職,-0.01360085391683477,產品與服務
2173,電資,離職,-0.02297187008771468,科系專業
2174,機械,離職,0.024666655278485262,科系專業
2175,製造,離職,0.04642467673284207,科系專業
2176,品管,離職,0.015889540519894944,科系專業
2177,多元性,離職,0.09110640166036799,公司文化與價值
2178,企業社會責任,離職,-0.019252513488115422,公司文化與價值
2179,企業永續目標,離職,-0.01721352575232654,公司文化與價值
2180,面試,離職,0.020613857262888974,招募資訊
2181,徵才,離職,0.0418195398293693,招募資訊
2182,實習,離職,-0.05858203142319264,招募資訊
2183,工作,離職,0.22456709726536897,招募資訊
2184,離職,離職,0.9999999999999999,招募資訊
2185,轉職,離職,-0.03618797244851192,招募資訊
2186,新鮮人,離職,0.018970410125234392,招募資訊
2187,畢業,離職,0.030456255883695167,招募資訊
2188,出路,離職,0.01728845523249069,招募資訊
2189,能力,離職,-0.09437091694477272,招募資訊
2190,招募人員,離職,-0.0013673302799296272,招募人員
2191,正向,離職,0.054382426017447534,情緒
2192,負向,離職,0.08862392948661044,情緒
2193,成就感,轉職,-0.020393706576604713,成長價值
2194,學習成長,轉職,-7.706816068324235e-05,成長價值
2195,創新,轉職,-0.009355108623221153,成長價值
2196,薪資,轉職,-0.047953357723177104,經濟報酬
2197,福利,轉職,-0.006532915894360576,經濟報酬
2198,管理制度,轉職,-0.00013331774461777872,經濟報酬
2199,工作氛圍,轉職,-0.007180155169139687,人際價值
2200,同事互動,轉職,0.12595915839048577,人際價值
2201,主管風格,轉職,0.03211150453099414,人際價值
2202,工作地點,轉職,0.0035528743107452777,組織安全與安定
2203,公司規模,轉職,-0.02414358447492576,組織安全與安定
2204,工作環境,轉職,-0.03173886440379666,組織安全與安定
2205,產業前景,轉職,0.11107658646678313,組織安全與安定
2206,輪調,轉職,-0.012645534266710895,變化性
2207,外派,轉職,-0.01615938814881701,變化性
2208,出差,轉職,0.08476189509209409,變化性
2209,引擎,轉職,-0.004973295824719798,產品與服務
2210,馬力,轉職,0.028960814768149202,產品與服務
2211,外觀,轉職,-0.010669024273470568,產品與服務
2212,安全,轉職,-0.012475232604867563,產品與服務
2213,配備,轉職,-0.01782275750418647,產品與服務
2214,價錢,轉職,-0.008134037797334653,產品與服務
2215,科技,轉職,-0.016564844493324488,產品與服務
2216,品質,轉職,0.04280559889799099,產品與服務
2217,折舊,轉職,-0.004973295824719797,產品與服務
2218,品牌,轉職,-0.012645534266710818,產品與服務
2219,空間,轉職,-0.017407891194083425,產品與服務
2220,保養,轉職,-0.016495698227522993,產品與服務
2221,尺寸,轉職,-0.016428768151874423,產品與服務
2222,車種,轉職,-0.010530589342707208,產品與服務
2223,變速箱,轉職,-0.004973295824719797,產品與服務
2224,電資,轉職,-0.03211729078780468,科系專業
2225,機械,轉職,-0.0150327048650048,科系專業
2226,製造,轉職,0.07231557260144889,科系專業
2227,品管,轉職,0.04280559889799101,科系專業
2228,多元性,轉職,-0.021355139497656155,公司文化與價值
2229,企業社會責任,轉職,0.2624871337770816,公司文化與價值
2230,企業永續目標,轉職,0.355178775949415,公司文化與價值
2231,面試,轉職,-0.016086898471762208,招募資訊
2232,徵才,轉職,0.046659461364073763,招募資訊
2233,實習,轉職,0.04874819545210597,招募資訊
2234,工作,轉職,-0.01618092475319887,招募資訊
2235,離職,轉職,-0.03618797244851192,招募資訊
2236,轉職,轉職,1.0,招募資訊
2237,新鮮人,轉職,-0.026359576815881504,招募資訊
2238,畢業,轉職,-0.02312996850744947,招募資訊
2239,出路,轉職,-0.027394060101949395,招募資訊
2240,能力,轉職,0.022224479773552,招募資訊
2241,招募人員,轉職,0.03511755522433959,招募人員
2242,正向,轉職,0.0011642569210655986,情緒
2243,負向,轉職,0.02763313439256843,情緒
2244,成就感,新鮮人,-0.013337997512580335,成長價值
2245,學習成長,新鮮人,0.17958052157497023,成長價值
2246,創新,新鮮人,-0.018635665230603067,成長價值
2247,薪資,新鮮人,0.010262970246466368,經濟報酬
2248,福利,新鮮人,-0.0038356375253333994,經濟報酬
2249,管理制度,新鮮人,-0.07143915412616936,經濟報酬
2250,工作氛圍,新鮮人,-0.013095013791283453,人際價值
2251,同事互動,新鮮人,-0.020259163010370344,人際價值
2252,主管風格,新鮮人,-0.011783414726829552,人際價值
2253,工作地點,新鮮人,-0.03812818932575052,組織安全與安定
2254,公司規模,新鮮人,-0.01579051206124347,組織安全與安定
2255,工作環境,新鮮人,0.007929649901815548,組織安全與安定
2256,產業前景,新鮮人,0.06259624795672177,組織安全與安定
2257,輪調,新鮮人,-0.025190294709309856,變化性
2258,外派,新鮮人,0.12573988612267578,變化性
2259,出差,新鮮人,-0.02832531598583987,變化性
2260,引擎,新鮮人,-0.009906958840882293,產品與服務
2261,馬力,新鮮人,0.016427561199327735,產品與服務
2262,外觀,新鮮人,-0.02125302577503575,產品與服務
2263,安全,新鮮人,-0.024851048540595964,產品與服務
2264,配備,新鮮人,-0.03550348325296937,產品與服務
2265,價錢,新鮮人,-0.016203254443026397,產品與服務
2266,科技,新鮮人,-0.03299768169536296,產品與服務
2267,品質,新鮮人,-0.04133590878444897,產品與服務
2268,折舊,新鮮人,-0.009906958840882293,產品與服務
2269,品牌,新鮮人,0.019224172278157495,產品與服務
2270,空間,新鮮人,0.08760519600914156,產品與服務
2271,保養,新鮮人,-0.007110045540110801,產品與服務
2272,尺寸,新鮮人,-0.03272661342163134,產品與服務
2273,車種,新鮮人,-0.0209772591185669,產品與服務
2274,變速箱,新鮮人,-0.009906958840882295,產品與服務
2275,電資,新鮮人,0.1303920842849226,科系專業
2276,機械,新鮮人,-0.0017862295025493338,科系專業
2277,製造,新鮮人,-0.013450566018446544,科系專業
2278,品管,新鮮人,-0.041335908784448996,科系專業
2279,多元性,新鮮人,0.14947246802721847,公司文化與價值
2280,企業社會責任,新鮮人,0.08488009528397716,公司文化與價值
2281,企業永續目標,新鮮人,0.03167609616170716,公司文化與價值
2282,面試,新鮮人,0.045429006297806475,招募資訊
2283,徵才,新鮮人,-0.02273318863709807,招募資訊
2284,實習,新鮮人,0.0521986438747361,招募資訊
2285,工作,新鮮人,-0.029934349842852235,招募資訊
2286,離職,新鮮人,0.018970410125234392,招募資訊
2287,轉職,新鮮人,-0.026359576815881504,招募資訊
2288,新鮮人,新鮮人,1.0,招募資訊
2289,畢業,新鮮人,0.0020657681542143058,招募資訊
2290,出路,新鮮人,0.19706993397615002,招募資訊
2291,能力,新鮮人,0.059918015866135904,招募資訊
2292,招募人員,新鮮人,0.04286179025283718,招募人員
2293,正向,新鮮人,0.016713145096341128,情緒
2294,負向,新鮮人,0.01666237119188297,情緒
2295,成就感,畢業,-0.001948980414318265,成長價值
2296,學習成長,畢業,0.022596762663898422,成長價值
2297,創新,畢業,-0.01635240022668039,成長價值
2298,薪資,畢業,0.14308799743722186,經濟報酬
2299,福利,畢業,0.021168011276380773,經濟報酬
2300,管理制度,畢業,0.06915952630630783,經濟報酬
2301,工作氛圍,畢業,0.11575609308627009,人際價值
2302,同事互動,畢業,0.06750108920566528,人際價值
2303,主管風格,畢業,0.1418836065225552,人際價值
2304,工作地點,畢業,0.0573855940106683,組織安全與安定
2305,公司規模,畢業,0.2171139815529228,組織安全與安定
2306,工作環境,畢業,0.04850536107948148,組織安全與安定
2307,產業前景,畢業,-0.01658594236527623,組織安全與安定
2308,輪調,畢業,-0.02210394830650951,變化性
2309,外派,畢業,-0.028246041074480924,變化性
2310,出差,畢業,-0.02485486285657317,變化性
2311,引擎,畢業,-0.008693145857187915,產品與服務
2312,馬力,畢業,0.34564291366370115,產品與服務
2313,外觀,畢業,-0.018649078484765918,產品與服務
2314,安全,畢業,-0.02180626700254025,產品與服務
2315,配備,畢業,-0.03115355209538801,產品與服務
2316,價錢,畢業,-0.014218011450001343,產品與服務
2317,科技,畢業,-0.02895476447758234,產品與服務
2318,品質,畢業,-0.03627138155856379,產品與服務
2319,折舊,畢業,-0.008693145857187917,產品與服務
2320,品牌,畢業,0.19729820525439887,產品與服務
2321,空間,畢業,0.019909927918670044,產品與服務
2322,保養,畢業,-0.028833899241473938,產品與服務
2323,尺寸,畢業,0.00928867882820638,產品與服務
2324,車種,畢業,-0.018407099103834118,產品與服務
2325,變速箱,畢業,-0.008693145857187915,產品與服務
2326,電資,畢業,0.029589402070784126,科系專業
2327,機械,畢業,0.07805134812265091,科系專業
2328,製造,畢業,-0.011548460922452815,科系專業
2329,品管,畢業,-0.03627138155856379,科系專業
2330,多元性,畢業,0.17016052216492444,公司文化與價值
2331,企業社會責任,畢業,-0.012305470589791825,公司文化與價值
2332,企業永續目標,畢業,-0.011002227580447358,公司文化與價值
2333,面試,畢業,0.28807369110470854,招募資訊
2334,徵才,畢業,0.14958846649082708,招募資訊
2335,實習,畢業,0.016897667937155116,招募資訊
2336,工作,畢業,0.1363575973939251,招募資訊
2337,離職,畢業,0.03045625588369517,招募資訊
2338,轉職,畢業,-0.023129968507449465,招募資訊
2339,新鮮人,畢業,0.0020657681542143058,招募資訊
2340,畢業,畢業,1.0,招募資訊
2341,出路,畢業,-0.011322962099818703,招募資訊
2342,能力,畢業,0.12523075879815784,招募資訊
2343,招募人員,畢業,0.2055497628667436,招募人員
2344,正向,畢業,0.1959555990299007,情緒
2345,負向,畢業,0.3456202749191643,情緒
2346,成就感,出路,0.040672728165718056,成長價值
2347,學習成長,出路,0.015463799969492598,成長價值
2348,創新,出路,0.06935711695002476,成長價值
2349,薪資,出路,0.03603632076900054,經濟報酬
2350,福利,出路,-0.006554179035306696,經濟報酬
2351,管理制度,出路,-0.00027599549561590814,經濟報酬
2352,工作氛圍,出路,0.011742272832303273,人際價值
2353,同事互動,出路,0.08131922508112271,人際價值
2354,主管風格,出路,-0.011186118091599336,人際價值
2355,工作地點,出路,-0.016962839598745377,組織安全與安定
2356,公司規模,出路,0.011351279746510172,組織安全與安定
2357,工作環境,出路,0.026158754311356155,組織安全與安定
2358,產業前景,出路,0.212899356866567,組織安全與安定
2359,輪調,出路,-0.026178889443964484,變化性
2360,外派,出路,-0.01846085048741746,變化性
2361,出差,出路,0.02573159513282869,變化性
2362,引擎,出路,-0.010295758077237266,產品與服務
2363,馬力,出路,0.08478399427147502,產品與服務
2364,外觀,出路,0.06328804266278128,產品與服務
2365,安全,出路,0.18122578248150067,產品與服務
2366,配備,出路,-0.014524992384275808,產品與服務
2367,價錢,出路,-0.016839152204902296,產品與服務
2368,科技,出路,-0.03429267783400637,產品與服務
2369,品質,出路,-0.04295813918103766,產品與服務
2370,折舊,出路,-0.010295758077237266,產品與服務
2371,品牌,出路,-0.02617888944396441,產品與服務
2372,空間,出路,0.1496961418472741,產品與服務
2373,保養,出路,0.00496189761779577,產品與服務
2374,尺寸,出路,-0.03401097146845248,產品與服務
2375,車種,出路,0.042403195616791574,產品與服務
2376,變速箱,出路,-0.010295758077237266,產品與服務
2377,電資,出路,0.10221282277515555,科系專業
2378,機械,出路,0.03303595770881105,科系專業
2379,製造,出路,0.012275738355428018,科系專業
2380,品管,出路,-0.04295813918103766,科系專業
2381,多元性,出路,0.0651581284395209,公司文化與價值
2382,企業社會責任,出路,0.36098745447301417,公司文化與價值
2383,企業永續目標,出路,0.15486280393963558,公司文化與價值
2384,面試,出路,-0.01833262530197424,招募資訊
2385,徵才,出路,0.06312691982736442,招募資訊
2386,實習,出路,0.0668126497721794,招募資訊
2387,工作,出路,1.8237939498217472e-05,招募資訊
2388,離職,出路,0.017288455232490695,招募資訊
2389,轉職,出路,-0.027394060101949395,招募資訊
2390,新鮮人,出路,0.19706993397615005,招募資訊
2391,畢業,出路,-0.011322962099818703,招募資訊
2392,出路,出路,0.9999999999999999,招募資訊
2393,能力,出路,0.09948034622899048,招募資訊
2394,招募人員,出路,-0.019002642589905968,招募人員
2395,正向,出路,0.13333897542934894,情緒
2396,負向,出路,0.0851609445587653,情緒
2397,成就感,能力,-0.019864621160296234,成長價值
2398,學習成長,能力,0.1188715850602847,成長價值
2399,創新,能力,0.023297546221852542,成長價值
2400,薪資,能力,-0.0407937918850211,經濟報酬
2401,福利,能力,-0.05051527482679242,經濟報酬
2402,管理制度,能力,-0.008885689200745228,經濟報酬
2403,工作氛圍,能力,0.14617334094309503,人際價值
2404,同事互動,能力,0.4830631014195207,人際價值
2405,主管風格,能力,0.1114914627745245,人際價值
2406,工作地點,能力,0.04722029072675686,組織安全與安定
2407,公司規模,能力,-0.0021614720070028907,組織安全與安定
2408,工作環境,能力,-0.014927824716035215,組織安全與安定
2409,產業前景,能力,0.3308138764376389,組織安全與安定
2410,輪調,能力,-0.020706486577477666,變化性
2411,外派,能力,0.009428789124708235,變化性
2412,出差,能力,0.054753700746581604,變化性
2413,引擎,能力,-0.008143545465807452,產品與服務
2414,馬力,能力,0.38133950111558923,產品與服務
2415,外觀,能力,0.013495375942041291,產品與服務
2416,安全,能力,-0.05904916748825766,產品與服務
2417,配備,能力,-0.01457835231982582,產品與服務
2418,價錢,能力,-0.03220548282436179,產品與服務
2419,科技,能力,-0.04360780643884282,產品與服務
2420,品質,能力,0.06623775834004289,產品與服務
2421,折舊,能力,-0.031238468056668807,產品與服務
2422,品牌,能力,-0.013366091864826807,產品與服務
2423,空間,能力,0.09275315851925697,產品與服務
2424,保養,能力,-0.044033731649829426,產品與服務
2425,尺寸,能力,-0.011643022391315675,產品與服務
2426,車種,能力,-0.003271416100841112,產品與服務
2427,變速箱,能力,-0.031238468056668803,產品與服務
2428,電資,能力,0.2089882428917242,科系專業
2429,機械,能力,0.07777067610010935,科系專業
2430,製造,能力,0.08352087183443406,科系專業
2431,品管,能力,0.03540207190403129,科系專業
2432,多元性,能力,0.04436689335224525,公司文化與價值
2433,企業社會責任,能力,0.08654766931097392,公司文化與價值
2434,企業永續目標,能力,0.04815219426259779,公司文化與價值
2435,面試,能力,0.25103346020437517,招募資訊
2436,徵才,能力,0.09643166948976752,招募資訊
2437,實習,能力,0.22871893032272647,招募資訊
2438,工作,能力,0.07402137770221791,招募資訊
2439,離職,能力,-0.0943709169447727,招募資訊
2440,轉職,能力,0.022224479773552,招募資訊
2441,新鮮人,能力,0.059918015866135904,招募資訊
2442,畢業,能力,0.12523075879815784,招募資訊
2443,出路,能力,0.09948034622899048,招募資訊
2444,能力,能力,1.0,招募資訊
2445,招募人員,能力,0.1534709011076875,招募人員
2446,正向,能力,0.20513901711965685,情緒
2447,負向,能力,0.38061852810330216,情緒
2448,成就感,招募人員,-0.05077121198881273,成長價值
2449,學習成長,招募人員,0.22369710412854157,成長價值
2450,創新,招募人員,0.07144111179871546,成長價值
2451,薪資,招募人員,-0.004117897442085239,經濟報酬
2452,福利,招募人員,-0.06509798539521675,經濟報酬
2453,管理制度,招募人員,0.059817844126565656,經濟報酬
2454,工作氛圍,招募人員,0.056331505552078366,人際價值
2455,同事互動,招募人員,0.0814006804801825,人際價值
2456,主管風格,招募人員,0.7930462018873758,人際價值
2457,工作地點,招募人員,0.09995639598492025,組織安全與安定
2458,公司規模,招募人員,0.10870181483770117,組織安全與安定
2459,工作環境,招募人員,-0.005030790136021495,組織安全與安定
2460,產業前景,招募人員,0.09563162493760059,組織安全與安定
2461,輪調,招募人員,-0.03503868424183841,變化性
2462,外派,招募人員,0.04119122311463445,變化性
2463,出差,招募人員,0.053319398640019396,變化性
2464,引擎,招募人員,-0.017976871558584896,產品與服務
2465,馬力,招募人員,0.557885960985514,產品與服務
2466,外觀,招募人員,-0.04756810943543988,產品與服務
2467,安全,招募人員,-0.05913018869455131,產品與服務
2468,配備,招募人員,-0.018419935712918514,產品與服務
2469,價錢,招募人員,-0.00881033786112375,產品與服務
2470,科技,招募人員,-0.01993899969440596,產品與服務
2471,品質,招募人員,0.06507567736681846,產品與服務
2472,折舊,招募人員,0.049170188757801894,產品與服務
2473,品牌,招募人員,0.05833144592533296,產品與服務
2474,空間,招募人員,0.0007308240565057561,產品與服務
2475,保養,招募人員,0.0362653860037528,產品與服務
2476,尺寸,招募人員,0.05152194784056361,產品與服務
2477,車種,招募人員,0.027946960632073425,產品與服務
2478,變速箱,招募人員,-0.034763636637681596,產品與服務
2479,電資,招募人員,0.0673660957066925,科系專業
2480,機械,招募人員,0.06405747922375267,科系專業
2481,製造,招募人員,0.009656209936875423,科系專業
2482,品管,招募人員,0.059472374062623325,科系專業
2483,多元性,招募人員,0.11310374735447973,公司文化與價值
2484,企業社會責任,招募人員,0.022077649086931352,公司文化與價值
2485,企業永續目標,招募人員,0.019739457985229688,公司文化與價值
2486,面試,招募人員,0.5077543076385865,招募資訊
2487,徵才,招募人員,0.23814140421473962,招募資訊
2488,實習,招募人員,0.14305036669986332,招募資訊
2489,工作,招募人員,0.1498722059280077,招募資訊
2490,離職,招募人員,-0.0013673302799296272,招募資訊
2491,轉職,招募人員,0.03511755522433959,招募資訊
2492,新鮮人,招募人員,0.04286179025283718,招募資訊
2493,畢業,招募人員,0.2055497628667436,招募資訊
2494,出路,招募人員,-0.019002642589905968,招募資訊
2495,能力,招募人員,0.1534709011076875,招募資訊
2496,招募人員,招募人員,1.0,招募人員
2497,正向,招募人員,0.28892314689519666,情緒
2498,負向,招募人員,0.5569107490909473,情緒
2499,成就感,正向,0.149264437613179,成長價值
2500,學習成長,正向,0.20453900819300921,成長價值
2501,創新,正向,0.07582444220479664,成長價值
2502,薪資,正向,0.14598136892348035,經濟報酬
2503,福利,正向,0.1774957694579685,經濟報酬
2504,管理制度,正向,0.06181518087186485,經濟報酬
2505,工作氛圍,正向,0.20722691613197472,人際價值
2506,同事互動,正向,0.20649615493259965,人際價值
2507,主管風格,正向,0.202123146482709,人際價值
2508,工作地點,正向,0.05950050807355183,組織安全與安定
2509,公司規模,正向,0.06284985024708797,組織安全與安定
2510,工作環境,正向,0.180198691740031,組織安全與安定
2511,產業前景,正向,0.07718092548383358,組織安全與安定
2512,輪調,正向,-0.03839623158233403,變化性
2513,外派,正向,0.01732589371818205,變化性
2514,出差,正向,0.03843773375962382,變化性
2515,引擎,正向,0.04030924674597564,產品與服務
2516,馬力,正向,0.509686127570397,產品與服務
2517,外觀,正向,0.08647390928175049,產品與服務
2518,安全,正向,0.08280992229616174,產品與服務
2519,配備,正向,0.06485406181465081,產品與服務
2520,價錢,正向,0.005510656893641567,產品與服務
2521,科技,正向,0.024893255112052697,產品與服務
2522,品質,正向,0.006522988164846327,產品與服務
2523,折舊,正向,0.007473750916427094,產品與服務
2524,品牌,正向,0.12336639112863486,產品與服務
2525,空間,正向,0.04052681404976962,產品與服務
2526,保養,正向,0.02781463706189835,產品與服務
2527,尺寸,正向,0.021073140720632978,產品與服務
2528,車種,正向,0.12011525283677668,產品與服務
2529,變速箱,正向,-0.008943996998347182,產品與服務
2530,電資,正向,0.11351124297710224,科系專業
2531,機械,正向,0.10530024926521002,科系專業
2532,製造,正向,0.04776474598746185,科系專業
2533,品管,正向,0.02844350011693177,科系專業
2534,多元性,正向,0.10822894375789759,公司文化與價值
2535,企業社會責任,正向,0.05705923476702361,公司文化與價值
2536,企業永續目標,正向,0.0094589357883738,公司文化與價值
2537,面試,正向,0.27157997746740486,招募資訊
2538,徵才,正向,0.07226315286268623,招募資訊
2539,實習,正向,0.23727086482061113,招募資訊
2540,工作,正向,0.1330389802421493,招募資訊
2541,離職,正向,0.054382426017447534,招募資訊
2542,轉職,正向,0.0011642569210655986,招募資訊
2543,新鮮人,正向,0.016713145096341128,招募資訊
2544,畢業,正向,0.1959555990299007,招募資訊
2545,出路,正向,0.13333897542934894,招募資訊
2546,能力,正向,0.20513901711965685,招募資訊
2547,招募人員,正向,0.28892314689519666,招募人員
2548,正向,正向,1.0,情緒
2549,負向,正向,0.5090315588183816,情緒
2550,成就感,負向,0.023768483294325043,成長價值
2551,學習成長,負向,0.234187077428199,成長價值
2552,創新,負向,0.08801763655509831,成長價值
2553,薪資,負向,0.1757112755596598,經濟報酬
2554,福利,負向,0.12314792548229923,經濟報酬
2555,管理制度,負向,0.19738753937473225,經濟報酬
2556,工作氛圍,負向,0.27345962545537417,人際價值
2557,同事互動,負向,0.32132645543434696,人際價值
2558,主管風格,負向,0.3470783845175472,人際價值
2559,工作地點,負向,0.17759483026379325,組織安全與安定
2560,公司規模,負向,0.12178351314264371,組織安全與安定
2561,工作環境,負向,0.1966460775242616,組織安全與安定
2562,產業前景,負向,0.2033806849500725,組織安全與安定
2563,輪調,負向,0.07217925554467848,變化性
2564,外派,負向,0.07797898615810289,變化性
2565,出差,負向,0.12487044574569964,變化性
2566,引擎,負向,-0.02194067933028523,產品與服務
2567,馬力,負向,0.9999319390736982,產品與服務
2568,外觀,負向,0.05674744083588122,產品與服務
2569,安全,負向,0.04659232036501932,產品與服務
2570,配備,負向,0.04460538172528274,產品與服務
2571,價錢,負向,-0.019297660111519073,產品與服務
2572,科技,負向,0.017186068077094104,產品與服務
2573,品質,負向,0.09556250635577919,產品與服務
2574,折舊,負向,0.15885205829366497,產品與服務
2575,品牌,負向,0.13877156284127695,產品與服務
2576,空間,負向,0.10199558747591152,產品與服務
2577,保養,負向,0.09470647145329768,產品與服務
2578,尺寸,負向,0.10888501616759681,產品與服務
2579,車種,負向,0.12328044072038957,產品與服務
2580,變速箱,負向,-0.024285591621127645,產品與服務
2581,電資,負向,0.24134111888580698,科系專業
2582,機械,負向,0.20562050674429866,科系專業
2583,製造,負向,0.12170392380011394,科系專業
2584,品管,負向,0.08691350431662305,科系專業
2585,多元性,負向,0.1367695727969676,公司文化與價值
2586,企業社會責任,負向,0.0739983274751801,公司文化與價值
2587,企業永續目標,負向,0.047390195169665854,公司文化與價值
2588,面試,負向,0.5800279651188615,招募資訊
2589,徵才,負向,0.24238773465824623,招募資訊
2590,實習,負向,0.24588180900218348,招募資訊
2591,工作,負向,0.3606368593303806,招募資訊
2592,離職,負向,0.08862392948661044,招募資訊
2593,轉職,負向,0.02763313439256843,招募資訊
2594,新鮮人,負向,0.01666237119188297,招募資訊
2595,畢業,負向,0.3456202749191643,招募資訊
2596,出路,負向,0.0851609445587653,招募資訊
2597,能力,負向,0.38061852810330216,招募資訊
2598,招募人員,負向,0.5569107490909473,招募人員
2599,正向,負向,0.5090315588183816,情緒
2600,負向,負向,1.0,情緒
